Workbook

Sheet Intro
A1: Ileal amino acid digestibility and DIAAS values of world foods
A3: Prepared by: Dr. Molly Muleya (Future Protein Platform, University of Nottingham, United Kingdom)

Sheet IAA digestibility
A1: Food item name | B1: Food group | C1: Data source | D1: Model | E1: Method | F1: Protein | G1: TRP | H1: THR | I1: ILE | J1: LEU | K1: LYS | L1: MET | M1: CYS | N1: PHE | O1: TYR | P1: VAL | Q1: ARG | R1: HIS | S1: Additional information
F2: Digestibility Coefficients
A3: Barley (not hulless varieties) | B3: Cereal & cereal products | C3: 2 | D3: Pig | E3: Standardized Ileal | F3: 0.8 | G3: 0.79 | H3: 0.75 | I3: 0.81 | J3: 0.83 | K3: 0.75 | L3: 0.83 | M3: 0.84 | N3: 0.84 | O3: 0.83 | P3: 0.8 | Q3: 0.83 | R3: 0.81
A4: Barley, dehulled (11,8% protein) | B4: Cereal & cereal products | C4: 7 | D4: Pig | E4: Standardized Ileal | F4: 0.745 | G4: 0.84 | H4: 0.72 | I4: 0.76 | J4: 0.79 | K4: 0.74 | L4: 0.78 | M4: 0.8 | N4: 0.82 | O4: 0.77 | P4: 0.77 | Q4: 0.82 | R4: 0.81 | S4: Pocured from Siemer Enterprises Inc.
A5: Biscuits (CP>12%) | B5: Cereal & cereal products | C5: 1 | D5: Human(Predicted) | E5: Standardized Ileal | F5: 0.91 | G5: 0.86 | H5: 0.91 | I5: 0.92 | J5: 0.91 | K5: 0.89 | L5: 0.9 | M5: 0.87 | N5: 0.88 | O5: 0.94 | P5: 0.9 | Q5: 0.93 | R5: 0.93
A6: Bread | B6: Cereal & cereal products | C6: 1 | D6: Human(Predicted) | E6: Standardized Ileal | F6: 0.91 | G6: 0.9 | H6: 0.91 | I6: 0.92 | J6: 0.93 | K6: 0.92 | L6: 0.93 | M6: 0.87 | N6: 0.88 | O6: 0.93 | P6: 0.91 | Q6: 0.93 | R6: 0.92
A7: Maize flour/Corn flour | B7: Cereal & cereal products | C7: 1 | D7: Human(Predicted) | E7: Standardized Ileal | F7: 0.82 | G7: 0.78 | H7: 0.76 | I7: 0.86 | J7: 0.92 | K7: 0.76 | L7: 0.92 | M7: 0.79 | N7: 0.84 | O7: 0.91 | P7: 0.85 | Q7: 0.84 | R7: 0.84
A8: Maize/corn | B8: Cereal & cereal products | C8: 2 | D8: Pig | E8: Standardized Ileal | F8: 0.86 | G8: 0.8 | H8: 0.83 | I8: 0.88 | J8: 0.93 | K8: 0.8 | L8: 0.91 | M8: 0.89 | N8: 0.91 | O8: 0.9 | P8: 0.87 | Q8: 0.91 | R8: 0.89
A9: Maize (extruded)/extruded corn | B9: Cereal & cereal products | C9: 2 | D9: Pig | E9: Standardized Ileal | F9: 0.86 | G9: 0.83 | H9: 0.81 | I9: 0.87 | J9: 0.91 | K9: 0.79 | L9: 0.89 | M9: 0.87 | N9: 0.9 | O9: 0.89 | P9: 0.86 | Q9: 0.89 | R9: 0.87
A10: Maize (flaked)/flaked corn/rolled corn | B10: Cereal & cereal products | C10: 2 | D10: Pig | E10: Standardized Ileal | F10: 0.86 | G10: 0.83 | H10: 0.81 | I10: 0.87 | J10: 0.91 | K10: 0.79 | L10: 0.89 | M10: 0.87 | N10: 0.9 | O10: 0.89 | P10: 0.86 | Q10: 0.89 | R10: 0.87
A11: Maize (high moisure)/humid corn - 60-70% dry matter, raw | B11: Cereal & cereal products | C11: 2 | D11: Pig | E11: Standardized Ileal | F11: 0.86 | G11: 0.8 | H11: 0.83 | I11: 0.88 | J11: 0.93 | K11: 0.8 | L11: 0.91 | M11: 0.88 | N11: 0.91 | O11: 0.9 | P11: 0.87 | Q11: 0.91 | R11: 0.89
A12: Maize bran | B12: Cereal & cereal products | C12: 1 | D12: Human(Predicted) | E12: Standardized Ileal | F12: 0.72 | G12: 0.69 | H12: 0.66 | I12: 0.77 | J12: 0.81 | K12: 0.68 | L12: 0.83 | M12: 0.69 | N12: 0.8 | O12: 0.8 | P12: 0.77 | Q12: 0.88 | R12: 0.8
A13: Maize, yellow dent (7,5% protein) | B13: Cereal & cereal products | C13: 7 | D13: Pig | E13: Standardized Ileal | F13: 0.702 | G13: 0.7 | H13: 0.7 | I13: 0.76 | J13: 0.84 | K13: 0.75 | L13: 0.9 | M13: 0.77 | N13: 0.83 | O13: 0.8 | P13: 0.75 | Q13: 0.81 | R13: 0.83 | S13: Procured from Exseed Genetics LLC
A14: Maize, nutridense (8,8% protein) | B14: Cereal & cereal products | C14: 7 | D14: Pig | E14: Standardized Ileal | F14: 0.764 | G14: 0.73 | H14: 0.76 | I14: 0.81 | J14: 0.9 | K14: 0.79 | L14: 0.91 | M14: 0.82 | N14: 0.88 | O14: 0.85 | P14: 0.82 | Q14: 0.87 | R14: 0.87 | S14: Procured from Exseed Genetics LLC
A15: Maize, high lysine | B15: Cereal & cereal products | C15: 16 | D15: Pig | E15: Standardized Ileal | F15: 0.91 | G15: 0.92 | H15: 0.92 | I15: 0.85 | J15: 1.05 | K15: 0.83 | L15: 0.92 | M15: 0.92 | N15: 0.95 | O15: 0.92 | P15: 0.95 | Q15: 0.96 | R15: 0.86 | S15: Values in red are calculated average AA digestibility
A16: Millet, finger | B16: Cereal & cereal products | C16: 4 | D16: Human | E16: True Ileal | F16: 0.723 | G16: 0.723 | H16: 0.672 | I16: 0.754 | J16: 0.672 | K16: 0.745 | L16: 0.601 | M16: 0.723 | N16: 0.964 | O16: 0.723 | P16: 0.653 | Q16: 0.723 | R16: 0.723 | S16: Values in red are calculated average AA digestibility
A17: Millet, pearl (Penisetum glaucum (l) R. Br)/candle millet/dark millet/bajra/Indian millet/horse millet/bulrush millet/cattail millet | B17: Cereal & cereal products | C17: 2 | D17: Pig | E17: Standardized Ileal | F17: 0.88 | G17: 0.92 | H17: 0.87 | I17: 0.91 | J17: 0.91 | K17: 0.86 | L17: 0.84 | M17: 0.9 | N17: 0.93 | O17: 0.87 | P17: 0.9 | Q17: 0.93 | R17: 0.92
A18: Millet, proso (Panicum miliaceum L.)/common millet/broomtail millet/hog millet/white millet/broomcorn millet | B18: Cereal & cereal products | C18: 2 | D18: Pig | E18: Standardized Ileal | F18: 0.844 | G18: 0.77 | H18: 0.76 | I18: 0.81 | J18: 0.83 | K18: 0.77 | L18: 0.84 | M18: 0.75 | N18: 0.84 | O18: 0.82 | P18: 0.79 | Q18: 0.88 | R18: 0.82
A19: Oat groats (Avena sativa L.)/oat grain from whuch hulls have been removed | B19: Cereal & cereal products | C19: 2 | D19: Pig | E19: Standardized Ileal | F19: 0.79 | G19: 0.82 | H19: 0.8 | I19: 0.83 | J19: 0.83 | K19: 0.79 | L19: 0.85 | M19: 0.85 | N19: 0.83 | O19: 0.85 | P19: 0.81 | Q19: 0.86 | R19: 0.83
A20: Oats (Avena sativa L.) | B20: Cereal & cereal products | C20: 1 | D20: Human(Predicted) | E20: Standardized Ileal | F20: 0.74 | G20: 0.77 | H20: 0.7 | I20: 0.8 | J20: 0.82 | K20: 0.76 | L20: 0.82 | M20: 0.72 | N20: 0.84 | O20: 0.81 | P20: 0.79 | Q20: 0.88 | R20: 0.85
A21: Oats (Avena sativa L.) | B21: Cereal & cereal products | C21: 2 | D21: Pig | E21: Standardized Ileal | F21: 0.76 | G21: 0.78 | H21: 0.69 | I21: 0.79 | J21: 0.81 | K21: 0.73 | L21: 0.84 | M21: 0.75 | N21: 0.84 | O21: 0.8 | P21: 0.77 | Q21: 0.88 | R21: 0.83
A22: Oats, flaked/flaked or rolled oat grain | B22: Cereal & cereal products | C22: 2 | D22: Pig | E22: Standardized Ileal | F22: 0.76 | G22: 0.78 | H22: 0.69 | I22: 0.79 | J22: 0.81 | K22: 0.73 | L22: 0.84 | M22: 0.75 | N22: 0.93 | O22: 0.79 | P22: 0.77 | Q22: 0.88 | R22: 0.83
A23: Oats, dehulled (13,1% protein) | B23: Cereal & cereal products | C23: 7 | D23: Pig | E23: Standardized Ileal | F23: 0.846 | G23: 0.82 | H23: 0.81 | I23: 0.87 | J23: 0.87 | K23: 0.86 | L23: 0.9 | M23: 0.77 | N23: 0.88 | O23: 0.81 | P23: 0.85 | Q23: 0.9 | R23: 0.88 | S23: Pocured from Siemer Enterprises Inc
A24: Rice | B24: Cereal & cereal products | C24: 1 | D24: Human(Predicted) | E24: Standardized Ileal | F24: 0.9 | G24: 0.89 | H24: 0.82 | I24: 0.75 | J24: 0.81 | K24: 0.92 | L24: 0.86 | M24: 0.97 | N24: 0.86 | O24: 0.79 | P24: 0.88 | Q24: 0.9 | R24: 0.99
A25: Rice, brown (Oryza sativa L.)/unpolished rice without the hulls but with the outer grain layers | B25: Cereal & cereal products | C25: 2 | D25: Pig | E25: Standardized Ileal | F25: 0.876 | G25: 0.85 | H25: 0.84 | I25: 0.86 | J25: 0.88 | K25: 0.86 | L25: 0.89 | M25: 0.85 | N25: 0.89 | O25: 0.88 | P25: 0.86 | Q25: 0.92 | R25: 0.88
A26: Rice, paddy/whole rice grain with the hulls included | B26: Cereal & cereal products | C26: 2 | D26: Pig | E26: Standardized Ileal | F26: 0.745 | G26: 0.76 | H26: 0.75 | I26: 0.8 | J26: 0.82 | K26: 0.75 | L26: 0.83 | M26: 0.73 | N26: 0.83 | O26: 0.81 | P26: 0.78 | Q26: 0.87 | R26: 0.8
A27: Rice, polished, broken (byproduct of the polishing process consisting of small or broken grains) | B27: Cereal & cereal products | C27: 2 | D27: Pig | E27: Standardized Ileal | F27: 0.911 | G27: 0.95 | H27: 0.94 | I27: 0.94 | J27: 0.95 | K27: 0.94 | L27: 0.94 | M27: 0.94 | N27: 0.94 | O27: 0.82 | P27: 0.95 | Q27: 0.97 | R27: 0.94
A28: Rice, white, polished (9,0% protein) | B28: Cereal & cereal products | C28: 7 | D28: Pig | E28: Standardized Ileal | F28: 0.881 | G28: 0.95 | H28: 0.91 | I28: 0.92 | J28: 0.94 | K28: 0.92 | L28: 0.95 | M28: 0.94 | N28: 0.95 | O28: 0.92 | P28: 0.94 | Q28: 0.92 | R28: 0.91 | S28: Procured from Walmart
A29: Rice bran | B29: Cereal & cereal products | C29: 1 | D29: Human(Predicted) | E29: Standardized Ileal | F29: 0.65 | G29: 0.72 | H29: 0.64 | I29: 0.67 | J29: 0.67 | K29: 0.69 | L29: 0.73 | M29: 0.65 | N29: 0.68 | O29: 0.79 | P29: 0.66 | Q29: 0.82 | R29: 0.77
A30: Rye (Secale cereale L.) | B30: Cereal & cereal products | C30: 2 | D30: Pig | E30: Standardized Ileal | F30: 0.77 | G30: 0.76 | H30: 0.71 | I30: 0.77 | J30: 0.78 | K30: 0.72 | L30: 0.81 | M30: 0.84 | N30: 0.82 | O30: 0.77 | P30: 0.75 | Q30: 0.8 | R30: 0.79
A31: Rye (12,1% protein) | B31: Cereal & cereal products | C31: 7 | D31: Pig | E31: Standardized Ileal | F31: 0.706 | G31: 0.75 | H31: 0.64 | I31: 0.72 | J31: 0.74 | K31: 0.67 | L31: 0.8 | M31: 0.76 | N31: 0.79 | O31: 0.66 | P31: 0.71 | Q31: 0.79 | R31: 0.77 | S31: Pocured from Siemer Enterprises Inc
A32: Seitan (wheat based protein), 20,9 g/100 g protein) | B32: Cereal & cereal products | C32: 8 | D32: Pig | E32: True Ileal | F32: 0.94 | G32: 0.922 | H32: 0.941 | I32: 0.961 | J32: 0.964 | K32: 0.978 | L32: 0.978 | M32: 0.99 | N32: 0.999 | O32: 0.944 | P32: 0.968 | Q32: 0.947 | R32: 0.956 | S32: Commercial origin
A33: Sorghum (Sorghum bicolor (L) Moench, low tannin variety | B33: Cereal & cereal products | C33: 2 | D33: Pig | E33: Standardized Ileal | F33: 0.79 | G33: 0.79 | H33: 0.76 | I33: 0.83 | J33: 0.86 | K33: 0.74 | L33: 0.85 | M33: 0.77 | N33: 0.85 | O33: 0.85 | P33: 0.81 | Q33: 0.82 | R33: 0.78
A34: Sorghum (Sorghum bicolor (L) Moench, low tannin variety | B34: Cereal & cereal products | C34: 1 | D34: Human(Predicted) | E34: Standardized Ileal | F34: 0.83 | G34: 0.87 | H34: 0.84 | I34: 0.87 | J34: 0.88 | K34: 0.79 | L34: 0.87 | M34: 0.78 | N34: 0.89 | O34: 0.85 | P34: 0.86 | Q34: 0.85 | R34: 0.81
A35: Sorghum (9,8% protein) | B35: Cereal & cereal products | C35: 7 | D35: Pig | E35: Standardized Ileal | F35: 0.657 | G35: 0.73 | H35: 0.68 | I35: 0.74 | J35: 0.76 | K35: 0.69 | L35: 0.77 | M35: 0.68 | N35: 0.76 | O35: 0.71 | P35: 0.73 | Q35: 0.73 | R35: 0.74 | S35: Pocured from Siemer Enterprises Inc
A36: Triticale (Triticum x Secale) | B36: Cereal & cereal products | C36: 2 | D36: Pig | E36: Standardized Ileal | F36: 0.87 | G36: 0.88 | H36: 0.82 | I36: 0.87 | J36: 0.88 | K36: 0.83 | L36: 0.9 | M36: 0.91 | N36: 0.9 | O36: 0.9 | P36: 0.86 | Q36: 0.91 | R36: 0.89
A37: Wheat, durum | B37: Cereal & cereal products | C37: 2 | D37: Pig | E37: Standardized Ileal | F37: 0.855 | G37: 0.88 | H37: 0.83 | I37: 0.89 | J37: 0.9 | K37: 0.81 | L37: 0.89 | M37: 0.91 | N37: 0.91 | O37: 0.9 | P37: 0.86 | Q37: 0.88 | R37: 0.9
A38: Wheat, soft | B38: Cereal & cereal products | C38: 2 | D38: Pig | E38: Standardized Ileal | F38: 0.88 | G38: 0.88 | H38: 0.83 | I38: 0.89 | J38: 0.9 | K38: 0.81 | L38: 0.89 | M38: 0.91 | N38: 0.91 | O38: 0.9 | P38: 0.86 | Q38: 0.88 | R38: 0.9
A39: Wheat flour (fibre < 3,5%) | B39: Cereal & cereal products | C39: 1 | D39: Human(Predicted) | E39: Standardized Ileal | F39: 0.89 | G39: 0.89 | H39: 0.86 | I39: 0.9 | J39: 0.91 | K39: 0.87 | L39: 0.9 | M39: 0.86 | N39: 0.89 | O39: 0.92 | P39: 0.9 | Q39: 0.92 | R39: 0.91
A40: Wheat (11,9% protein) | B40: Cereal & cereal products | C40: 7 | D40: Pig | E40: Standardized Ileal | F40: 0.75 | G40: 0.84 | H40: 0.65 | I40: 0.79 | J40: 0.81 | K40: 0.73 | L40: 0.85 | M40: 0.83 | N40: 0.84 | O40: 0.74 | P40: 0.75 | Q40: 0.87 | R40: 0.84 | S40: Pocured from Siemer Enterprises Inc
A41: Zein protein isolate (89% proteins, Sigma-Aldrich) | B41: Cereal & cereal products | C41: 10 | D41: Human | E41: True ileal | F41: 0.602 | G41: 0.6289 | H41: 0.627 | I41: 0.62 | J41: 0.617 | K41: 0.6289 | L41: 0.593 | M41: 0.624 | N41: 0.607 | O41: 0.603 | P41: 0.642 | Q41: 0.69 | R41: 0.666 | S41: Naso-ileal intubation method used to continously collect postprandal ileal digesta from healthy volunteers, Values in red are calculated average AA digestibility
A43: Beet pulp, dried | B43: Roots & tubers | C43: 2 | D43: Pig | E43: Standardized Ileal | F43: 0.53 | G43: 0.41 | H43: 0.31 | I43: 0.59 | J43: 0.59 | K43: 0.5 | L43: 0.61 | M43: 0.22 | N43: 0.52 | O43: 0.53 | P43: 0.42 | Q43: 0.58 | R43: 0.61 | S43: Dried byproduct of sugar manufacture, obtained after extracting the juice from sugar beet roots (Beta vulgaris L.). Other name: sugar beet pulp.
A44: Beet pulp, pressed | B44: Roots & tubers | C44: 2 | D44: Pig | E44: Standardized Ileal | F44: 0.786 | G44: 0.41 | H44: 0.31 | I44: 0.59 | J44: 0.59 | K44: 0.5 | L44: 0.61 | M44: 0.22 | N44: 0.52 | O44: 0.53 | P44: 0.42 | Q44: 0.58 | R44: 0.61 | S44: Humid byproduct of sugar manufacture, obtained after extracting the juice from sugar beet roots (Beta vulgaris L.). The resulting solids are pressed to reduce water content down to 70-80%.
A45: Cassava pulp, dried | B45: Roots & tubers | C45: 2 | D45: Pig | E45: Standardized Ileal | F45: 1 | G45: 0.7 | H45: 0.69 | I45: 0.76 | J45: 0.78 | K45: 0.69 | L45: 0.8 | M45: 0.66 | N45: 0.8 | O45: 0.77 | P45: 0.74 | Q45: 0.84 | R45: 0.76 | S45: Dried cassava pulp is a dried by-product of the extraction of starch from cassava roots (Manihot esculenta Crantz). This is a highly variable product.
A46: Cassava (starch 66-70%) | B46: Roots & tubers | C46: 2 | D46: Pig | E46: Standardized Ileal | F46: 0.447 | G46: 0.84 | H46: 0.69 | I46: 0.29 | J46: 0.75 | K46: 0.64 | L46: 0.82 | M46: 0.76 | N46: 0.62 | O46: 0.66 | P46: 0.74 | Q46: 0.91 | R46: 0.76
A47: Cassava, starch 70-74% | B47: Roots & tubers | C47: 2 | D47: Pig | E47: Standardized Ileal | F47: 0.404 | G47: 0.85 | H47: 0.69 | I47: 0.29 | J47: 0.75 | K47: 0.64 | L47: 0.82 | M47: 0.76 | N47: 0.62 | O47: 0.66 | P47: 0.74 | Q47: 0.91 | R47: 0.76 | S47: Dried cassava roots (Manihot esculenta Crantz), containing 70-74% starch (as fed). Cassava roots are usually provided as chips, pellets or meal (ground chips).
A48: Chicory pulp, dehydrated | B48: Roots & tubers | C48: 2 | D48: Pig | E48: Standardized Ileal | F48: 0.817 | G48: 0.71 | H48: 0.7 | I48: 0.76 | J48: 0.78 | K48: 0.69 | L48: 0.8 | M48: 0.67 | N48: 0.8 | O48: 0.77 | P48: 0.74 | Q48: 0.85 | R48: 0.76 | S48: Byproduct of the extraction of fructose and inuline from chicory roots (Cichorium intybus L.).
A49: Potato protein concentrate | B49: Roots & tubers | C49: 2 | D49: Pig | E49: Standardized Ileal | F49: 0.87 | G49: 0.75 | H49: 0.9 | I49: 0.89 | J49: 0.91 | K49: 0.89 | L49: 0.91 | M49: 0.78 | N49: 0.91 | O49: 0.89 | P49: 0.89 | Q49: 0.92 | R49: 0.89 | S49: Dried byproduct of starch manufacture from potato tubers (Solanum tuberosum L.) consisting mainly of protein substances obtained after the separation of starch.
A50: Potato pulp, dried | B50: Roots & tubers | C50: 2 | D50: Pig | E50: Standardized Ileal | F50: 0.754 | G50: 0.75 | H50: 0.74 | I50: 0.79 | J50: 0.81 | K50: 0.74 | L50: 0.82 | M50: 0.71 | N50: 0.82 | O50: 0.8 | P50: 0.77 | Q50: 0.87 | R50: 0.8 | S50: Dried byproduct of the processing (particularly starch manufacture) of potato tubers (Solanum tuberosum L.).
A51: Potato tuber, dried | B51: Roots & tubers | C51: 2 | D51: Pig | E51: Standardized Ileal | F51: 0.629 | G51: 0.85 | H51: 0.84 | I51: 0.86 | J51: 0.88 | K51: 0.86 | L51: 0.88 | M51: 0.84 | N51: 0.88 | O51: 0.88 | P51: 0.85 | Q51: 0.91 | R51: 0.88 | S51: Dried whole potato tuber (Solanum tuberosum L.). These are cull potatoes from potato production and potato processing industries.
A52: Potato crisps | B52: Roots & tubers | C52: 1 | D52: Human(Predicted) | E52: Standardized Ileal | F52: 0.47 | G52: 0.47 | H52: 0.47 | I52: 0.44 | J52: 0.47 | K52: 0.48 | L52: 0.41 | M52: 0.47 | N52: 0.47 | O52: 0.47 | P52: 0.47 | Q52: 0.49 | R52: 0.42
A53: Potato fries (fat 4-12%) | B53: Roots & tubers | C53: 1 | D53: Human(Predicted) | E53: Standardized Ileal | F53: 0.52 | G53: 0.47 | H53: 0.52 | I53: 0.51 | J53: 0.52 | K53: 0.51 | L53: 0.47 | M53: 0.52 | N53: 0.52 | O53: 0.49 | P53: 0.52 | Q53: 0.54 | R53: 0.47
A54: Potato fries (fat 12-18%) | B54: Roots & tubers | C54: 1 | D54: Human(Predicted) | E54: Standardized Ileal | F54: 0.51 | G54: 0.47 | H54: 0.52 | I54: 0.51 | J54: 0.5 | K54: 0.52 | L54: 0.47 | M54: 0.52 | N54: 0.52 | O54: 0.53 | P54: 0.52 | Q54: 0.51 | R54: 0.47
A55: Potato fries (fat >18%) | B55: Roots & tubers | C55: 1 | D55: Human(Predicted) | E55: Standardized Ileal | F55: 0.5 | G55: 0.47 | H55: 0.48 | I55: 0.53 | J55: 0.5 | K55: 0.52 | L55: 0.52 | M55: 0.52 | N55: 0.51 | O55: 0.51 | P55: 0.51 | Q55: 0.49 | R55: 0.51
A56: Potato (dehydrated) | B56: Roots & tubers | C56: 1 | D56: Human(Predicted) | E56: Standardized Ileal | F56: 0.56 | G56: 0.47 | H56: 0.62 | I56: 0.56 | J56: 0.56 | K56: 0.62 | L56: 0.66 | M56: 0.54 | N56: 0.57 | O56: 0.58 | P56: 0.58 | Q56: 0.57 | R56: 0.53
A57: Potato peelings, steamed, starch <35%) | B57: Roots & tubers | C57: 1 | D57: Human(Predicted) | E57: Standardized Ileal | F57: 0.57 | G57: 0.51 | H57: 0.62 | I57: 0.58 | J57: 0.58 | K57: 0.63 | L57: 0.68 | M57: 0.49 | N57: 0.57 | O57: 0.57 | P57: 0.58 | Q57: 0.57 | R57: 0.57
A58: Potato peelings, steamed, starch 35-47,5%) | B58: Roots & tubers | C58: 1 | D58: Human(Predicted) | E58: Standardized Ileal | F58: 0.58 | G58: 0.47 | H58: 0.62 | I58: 0.58 | J58: 0.58 | K58: 0.64 | L58: 0.7 | M58: 0.5 | N58: 0.58 | O58: 0.56 | P58: 0.58 | Q58: 0.58 | R58: 0.61
A59: Potato peelings, steamed, starch 47,5-60%) | B59: Roots & tubers | C59: 1 | D59: Human(Predicted) | E59: Standardized Ileal | F59: 0.57 | G59: 0.47 | H59: 0.63 | I59: 0.59 | J59: 0.57 | K59: 0.62 | L59: 0.64 | M59: 0.47 | N59: 0.58 | O59: 0.57 | P59: 0.57 | Q59: 0.58 | R59: 0.58
A60: Potato peelings, steamed, starch >60%) | B60: Roots & tubers | C60: 1 | D60: Human(Predicted) | E60: Standardized Ileal | F60: 0.58 | G60: 0.52 | H60: 0.61 | I60: 0.56 | J60: 0.59 | K60: 0.63 | L60: 0.62 | M60: 0.51 | N60: 0.56 | O60: 0.58 | P60: 0.58 | Q60: 0.58 | R60: 0.56
A61: Potato (sweet, dehydrated) | B61: Roots & tubers | C61: 1 | D61: Human(Predicted) | E61: Standardized Ileal | F61: 0.52 | G61: 0.47 | H61: 0.51 | I61: 0.55 | J61: 0.51 | K61: 0.53 | L61: 0.64 | M61: 0.47 | N61: 0.53 | O61: 0.51 | P61: 0.47 | Q61: 0.53 | R61: 0.47
A62: Sweet potato, dried | B62: Roots & tubers | C62: 2 | D62: Pig | E62: Standardized Ileal | F62: 0.665 | G62: 0.84 | H62: 0.83 | I62: 0.85 | J62: 0.87 | K62: 0.85 | L62: 0.88 | M62: 0.83 | N62: 0.88 | O62: 0.87 | P62: 0.85 | Q62: 0.91 | R62: 0.87 | S62: Dried sweet potato tuber (Ipomea batatas (L.) Lam.).
A64: Adzuki bean, cooked (Jihong No.16, Chinese variety),25,5% protein | B64: Legumes & oilseeds | C64: 9 | D64: Pig | E64: True ileal | F64: 0.796 | G64: 0.77 | H64: 0.866 | I64: 0.886 | J64: 0.939 | K64: 0.899 | L64: 0.834 | M64: 0.529 | N64: 0.894 | O64: 0.851 | P64: 0.892 | Q64: 0.931 | R64: 0.889
A65: Alfalfa protein concentrate | B65: Legumes & oilseeds | C65: 2 | D65: Pig | E65: Standardized Ileal | F65: 0.864 | G65: 0.79 | H65: 0.79 | I65: 0.82 | J65: 0.84 | K65: 0.8 | L65: 0.85 | M65: 0.78 | N65: 0.85 | O65: 0.84 | P65: 0.81 | Q65: 0.89 | R65: 0.84 | S65: Protein concentrate obtained by pressing the aerial part of alfalfa (Medicago sativa L.). In one commercial process, fresh alfalfa is first pressed to obtain a green juice. This juice is then heated and steamed to produce a protein coagulate. This coagulate is separated from the liquid by centrifugation, and then dried. Alfalfa protein concentrate is used for its high content in protein and pigments (caroten, xanthophylls).
A66: Alfalfa, dehydrated, protein 16-18% dry matter | B66: Legumes & oilseeds | C66: 2 | D66: Pig | E66: Standardized Ileal | F66: 0.384 | G66: 0.46 | H66: 0.63 | I66: 0.68 | J66: 0.72 | K66: 0.55 | L66: 0.75 | M66: 0.35 | N66: 0.72 | O66: 0.66 | P66: 0.67 | Q66: 0.73 | R66: 0.57 | S66: Dehydrated aerial part of alfalfa (Medicago sativa L.), containing between 16% and 18% protein (in dry matter).
A67: Alfalfa, dehydrated, protein > 25% dry matter | B67: Legumes & oilseeds | C67: 2 | D67: Pig | E67: Standardized Ileal | F67: 0.504 | G67: 0.46 | H67: 0.72 | I67: 0.75 | J67: 0.77 | K67: 0.72 | L67: 0.78 | M67: 0.35 | N67: 0.75 | O67: 0.76 | P67: 0.72 | Q67: 0.86 | R67: 0.68 | S67: Dehydrated aerial part of alfalfa (Medicago sativa L.) containing more than 25% protein (in dry matter).
A68: Broad beans, cooked (Qingcan No.14, Chinese variety), 29,7% protein | B68: Legumes & oilseeds | C68: 9 | D68: Pig | E68: True ileal | F68: 0.857 | G68: 0.835 | H68: 0.892 | I68: 0.92 | J68: 0.955 | K68: 0.929 | L68: 0.833 | M68: 0.678 | N68: 0.914 | O68: 0.885 | P68: 0.911 | Q68: 0.972 | R68: 0.849
A69: Chickpea, kabuli type (Cicer arietinum L.) | B69: Legumes & oilseeds | C69: 2 | D69: Pig | E69: Standardized Ileal | F69: 0.87 | G69: 0.83 | H69: 0.77 | I69: 0.82 | J69: 0.86 | K69: 0.94 | L69: 0.89 | M69: 0.89 | N69: 0.89 | O69: 0.89 | P69: 0.81 | Q69: 0.96 | R69: 0.87 | S69: Kabuli (also called garbanzo) chickpeas are tan-coated and are grown primarily in the Mediterranean area and in South America. They contain less crude fibre than the smaller and dark-coated desi types grown in the Indian subcontinent.
A70: Chickpea, pressure cooked (Kabuli), (Cicer arietinum) garbanzo bean, var KAK-2, India (22,9 g/100 g protein) | B70: Legumes & oilseeds | C70: 17 | D70: Human | E70: True ileal | F70: 0.746 | G70: 0.746 | H70: 0.725 | I70: 0.814 | J70: 0.795 | K70: 0.6 | L70: 0.718 | M70: 0.746 | N70: 0.809 | O70: 0.746 | P70: 0.759 | Q70: 0.746 | R70: 0.746 | S70: Values in red are calculated average AA digestibility
A71: Chickpeas (Xinying No1 Y2-12, Chinese variety), 25,3% protein | B71: Legumes & oilseeds | C71: 9 | D71: Pig | E71: True ileal | F71: 0.866 | G71: 0.869 | H71: 0.794 | I71: 0.848 | J71: 0.903 | K71: 0.876 | L71: 0.867 | M71: 0.769 | N71: 0.853 | O71: 0.757 | P71: 0.834 | Q71: 0.955 | R71: 0.726
A72: Coconut (extracted) | B72: Legumes & oilseeds | C72: 1 | D72: Human (Predicted) | E72: Standardized Ileal | F72: 0.54 | G72: 0.57 | H72: 0.55 | I72: 0.56 | J72: 0.55 | K72: 0.54 | L72: 0.56 | M72: 0.56 | N72: 0.55 | O72: 0.56 | P72: 0.54 | Q72: 0.55 | R72: 0.53
A73: Common bean (Phaseolus vulgaris L.) | B73: Legumes & oilseeds | C73: 2 | D73: Pig | E73: Standardized Ileal | F73: 0.76 | G73: 0.82 | H73: 0.76 | I73: 0.72 | J73: 0.71 | K73: 0.85 | L73: 0.87 | M73: 0.81 | N73: 0.74 | O73: 0.67 | P73: 0.65 | Q73: 0.94 | R73: 0.66 | S73: The common bean is known under many names (kidney bean, French bean, navy bean...), depending on the variety.
A74: Common vetch (Vicia sativa L.) | B74: Legumes & oilseeds | C74: 2 | D74: Pig | E74: Standardized Ileal | F74: 0.955 | G74: 0.78 | H74: 0.77 | I74: 0.81 | J74: 0.83 | K74: 0.78 | L74: 0.84 | M74: 0.76 | N74: 0.84 | O74: 0.83 | P74: 0.8 | Q74: 0.88 | R74: 0.83
A75: Cotton seed, whole/full-fat cotton seed (Gossypium spp.) | B75: Legumes & oilseeds | C75: 2 | D75: Pig | E75: Standardized Ileal | F75: 0.66 | G75: 0.66 | H75: 0.65 | I75: 0.73 | J75: 0.75 | K75: 0.64 | L75: 0.77 | M75: 0.61 | N75: 0.77 | O75: 0.74 | P75: 0.7 | Q75: 0.82 | R75: 0.72
A76: Cotton seed, whole, extruded/full-fat cotton seed (Gossypium spp) | B76: Legumes & oilseeds | C76: 2 | D76: Pig | E76: Standardized Ileal | F76: 0.658 | G76: 0.66 | H76: 0.65 | I76: 0.73 | J76: 0.75 | K76: 0.64 | L76: 0.77 | M76: 0.61 | N76: 0.77 | O76: 0.74 | P76: 0.7 | Q76: 0.82 | R76: 0.72
A77: Cowpea seed (Vigna unguicuilata (L) Walp) | B77: Legumes & oilseeds | C77: 2 | D77: Pig | E77: Standardized Ileal | F77: 0.95 | G77: 0.82 | H77: 0.81 | I77: 0.84 | J77: 0.86 | K77: 0.82 | L77: 0.86 | M77: 0.8 | N77: 0.86 | O77: 0.85 | P77: 0.83 | Q77: 0.9 | R77: 0.85 | S77: Cowpea is a grain legume popular as human food in Africa and in some regions of Asia and the Americas. Other names: black-eyed pea, black-eyed bean, asparagus bean.
A78: Faba bean, coloured flowers, high tannin | B78: Legumes & oilseeds | C78: 2 | D78: Pig | E78: Standardized Ileal | F78: 0.8 | G78: 0.7 | H78: 0.8 | I78: 0.82 | J78: 0.84 | K78: 0.85 | L78: 0.8 | M78: 0.73 | N78: 0.83 | O78: 0.81 | P78: 0.79 | Q78: 0.89 | R78: 0.85
A79: Faba bean, colored flowers, high tannin, extruded, horse bean/field bean (Vicia faba L.) | B79: Legumes & oilseeds | C79: 2 | D79: Pig | E79: Standardized Ileal | F79: 0.8 | G79: 0.71 | H79: 0.81 | I79: 0.82 | J79: 0.85 | K79: 0.87 | L79: 0.84 | M79: 0.75 | N79: 0.84 | O79: 0.81 | P79: 0.81 | Q79: 0.9 | R79: 0.85
A80: Faba bean, low tannin white flowers/horse bean/field bean (Vicia faba L.) | B80: Legumes & oilseeds | C80: 2 | D80: Pig | E80: Standardized Ileal | F80: 0.84 | G80: 0.75 | H80: 0.84 | I80: 0.84 | J80: 0.87 | K80: 0.89 | L80: 0.86 | M80: 0.77 | N80: 0.87 | O80: 0.85 | P80: 0.83 | Q80: 0.92 | R80: 0.89
A81: Groundnut flour/peanut flour, dehulled (46,6 g/00 g protein) | B81: Legumes & oilseeds | C81: 12 | D81: Pig | E81: Standardized Ileal | F81: 0.85 | G81: 0.83 | H81: 0.824 | I81: 0.897 | J81: 0.927 | K81: 0.665 | L81: 0.902 | M81: 0.782 | N81: 0.941 | O81: 0.911 | P81: 0.9 | Q81: 0.946 | R81: 0.857
A82: Kidney bean, cooked (Ziyun No.2, Chinese variety), 26,2% protein | B82: Legumes & oilseeds | C82: 9 | D82: Pig | E82: True ileal | F82: 0.76 | G82: 0.779 | H82: 0.746 | I82: 0.799 | J82: 0.887 | K82: 0.836 | L82: 0.842 | M82: 0.437 | N82: 0.778 | O82: 0.591 | P82: 0.799 | Q82: 0.84 | R82: 0.565
A83: Lentils (Lens esculenta Moench) | B83: Legumes & oilseeds | C83: 2 | D83: Pig | E83: Standardized Ileal | F83: 0.978 | G83: 0.82 | H83: 0.81 | I83: 0.84 | J83: 0.86 | K83: 0.82 | L83: 0.86 | M83: 0.8 | N83: 0.86 | O83: 0.85 | P83: 0.83 | Q83: 0.9 | R83: 0.86
A84: Lentils, raw, red (Lens culinaris), 24,7 g/100 g protein | B84: Legumes & oilseeds | C84: 13 | D84: Pig | E84: Standardized Ileal | F84: 0.803 | G84: 0.864 | H84: 0.79 | I84: 0.778 | J84: 0.79 | K84: 0.806 | L84: 0.756 | M84: 0.717 | N84: 0.787 | O84: 0.802 | P84: 0.773 | Q84: 0.862 | R84: 0.797 | S84: Sourced from CorLine Commodities, Canada
A85: Lentils, steam pelleted at 80-85 oC, (Lens culinaris), 24,3 g/100 g protein | B85: Legumes & oilseeds | C85: 13 | D85: Pig | E85: Standardized Ileal | F85: 0.868 | G85: 0.93 | H85: 0.855 | I85: 0.858 | J85: 0.868 | K85: 0.873 | L85: 0.86 | M85: 0.796 | N85: 0.859 | O85: 0.839 | P85: 0.849 | Q85: 0.925 | R85: 0.862 | S85: Raw material sourced from CorLine Commodities, Canada
A86: Lentils, extruded at 115oC (Lens culinaris), 24,4 g/00 g protein | B86: Legumes & oilseeds | C86: 13 | D86: Pig | E86: Standardized Ileal | F86: 0.876 | G86: 0.956 | H86: 0.879 | I86: 0.876 | J86: 0.882 | K86: 0.879 | L86: 0.866 | M86: 0.764 | N86: 0.889 | O86: 0.883 | P86: 0.87 | Q86: 0.93 | R86: 0.87 | S86: Raw material sourced from CorLine Commodities, Canada
A87: Linseed, whole (Linum usitatissimum)/full-fat linseed/full fat flaxseed | B87: Legumes & oilseeds | C87: 2 | D87: Pig | E87: Standardized Ileal | F87: 0.864 | G87: 0.76 | H87: 0.75 | I87: 0.8 | J87: 0.82 | K87: 0.75 | L87: 0.83 | M87: 0.73 | N87: 0.83 | O87: 0.81 | P87: 0.78 | Q87: 0.87 | R87: 0.81
A88: Linseed, whole, extruded (Linum usitatissimum)/full-fat linseed/full fat flaxseed | B88: Legumes & oilseeds | C88: 2 | D88: Pig | E88: Standardized Ileal | F88: 0.864 | G88: 0.76 | H88: 0.75 | I88: 0.8 | J88: 0.82 | K88: 0.75 | L88: 0.83 | M88: 0.73 | N88: 0.83 | O88: 0.81 | P88: 0.78 | Q88: 0.87 | R88: 0.81
A89: Lupin, blue (Lupinus angustifolius L.)/narrowleaf lupin | B89: Legumes & oilseeds | C89: 2 | D89: Pig | E89: Standardized Ileal | F89: 0.87 | G89: 0.77 | H89: 0.83 | I89: 0.88 | J89: 0.88 | K89: 0.87 | L89: 0.86 | M89: 0.86 | N89: 0.9 | O89: 0.88 | P89: 0.84 | Q89: 0.94 | R89: 0.92
A90: Lupin, white (Lupinus albus L.) | B90: Legumes & oilseeds | C90: 2 | D90: Pig | E90: Standardized Ileal | F90: 0.82 | G90: 0.78 | H90: 0.78 | I90: 0.87 | J90: 0.86 | K90: 0.82 | L90: 0.76 | M90: 0.76 | N90: 0.86 | O90: 0.89 | P90: 0.74 | Q90: 0.93 | R90: 0.86
A91: Lupin, white, extruded (Lupinus albus L.) | B91: Legumes & oilseeds | C91: 2 | D91: Pig | E91: Standardized Ileal | F91: 0.82 | G91: 0.78 | H91: 0.78 | I91: 0.87 | J91: 0.86 | K91: 0.82 | L91: 0.76 | M91: 0.76 | N91: 0.86 | O91: 0.89 | P91: 0.74 | Q91: 0.93 | R91: 0.86
A92: Mung bean (Vigna radiata, var. KKM-3), India (24,9 g/100 g protein) | B92: Legumes & oilseeds | C92: 17 | D92: Human | E92: True ileal | F92: 0.631 | G92: 0.631 | H92: 0.425 | I92: 0.758 | J92: 0.675 | K92: 0.63 | L92: 0.522 | M92: 0.631 | N92: 0.734 | O92: 0.631 | P92: 0.678 | Q92: 0.631 | R92: 0.631 | S92: Values in red are calculated average AA digestibility
A93: Mung bean, dehulled (Vigna radiata, var. KKM-3), India (25,7 g/100 g protein) | B93: Legumes & oilseeds | C93: 17 | D93: Human | E93: True ileal | F93: 0.709 | G93: 0.709 | H93: 0.545 | I93: 0.829 | J93: 0.763 | K93: 0.634 | L93: 0.643 | M93: 0.709 | N93: 0.751 | O93: 0.709 | P93: 0.8 | Q93: 0.709 | R93: 0.709 | S93: Values in red are calculated average AA digestibility
A94: Mung bean, cooked (Yulc No.1, Chinese variety), 26,1% protein | B94: Legumes & oilseeds | C94: 9 | D94: Pig | E94: True ileal | F94: 0.819 | G94: 0.822 | H94: 0.769 | I94: 0.83 | J94: 0.906 | K94: 0.861 | L94: 0.831 | M94: 0.53 | N94: 0.839 | O94: 0.768 | P94: 0.828 | Q94: 0.881 | R94: 0.681
A95: Pea (Pisum sativum L.) | B95: Legumes & oilseeds | C95: 2 | D95: Pig | E95: Standardized Ileal | F95: 0.8 | G95: 0.73 | H95: 0.76 | I95: 0.79 | J95: 0.8 | K95: 0.83 | L95: 0.8 | M95: 0.72 | N95: 0.8 | O95: 0.81 | P95: 0.77 | Q95: 0.89 | R95: 0.84
A96: Pea (Pisum sativum L.) | B96: Legumes & oilseeds | C96: 1 | D96: Human(Predicted) | E96: Standardized Ileal | F96: 0.78 | G96: 0.69 | H96: 0.74 | I96: 0.77 | J96: 0.77 | K96: 0.81 | L96: 0.76 | M96: 0.72 | N96: 0.76 | O96: 0.78 | P96: 0.74 | Q96: 0.87 | R96: 0.81
A97: Pea, extruded (Pisum sativum L.) | B97: Legumes & oilseeds | C97: 2 | D97: Pig | E97: Standardized Ileal | F97: 0.8 | G97: 0.89 | H97: 0.9 | I97: 0.91 | J97: 0.92 | K97: 0.93 | L97: 0.86 | M97: 0.88 | N97: 0.93 | O97: 0.94 | P97: 0.89 | Q97: 0.94 | R97: 0.94
A98: Pea protein concentrate | B98: Legumes & oilseeds | C98: 2 | D98: Pig | E98: Standardized Ileal | F98: 0.8 | G98: 0.9 | H98: 0.65 | I98: 0.93 | J98: 0.94 | K98: 0.95 | L98: 0.9 | M98: 0.89 | N98: 0.95 | O98: 0.94 | P98: 0.93 | Q98: 0.97 | R98: 0.96 | S98: Protein fraction of the pea seed (Pisum sativum L.), extracted by a wet process.
A99: Pea emulsion (soybean oil-in-water emulsion containing a pea isolate), 16.79 g/100 g protein) | B99: Legumes & oilseeds | C99: 8 | D99: Pig | E99: Standardized Ileal | F99: 0.974 | G99: 0.996 | H99: 0.924 | I99: 0.946 | J99: 0.945 | K99: 0.939 | L99: 0.803 | M99: 1 | N99: 0.983 | O99: 0.977 | P99: 0.948 | Q99: 0.942 | R99: 0.918 | S99: Emulison was created using a commercial pea isolate (Pisane M9, Cosucra, Belgium) and commercial soybean oil
A100: Peas, cooked (Dingwan No.4, Chinese variety), 24,3% protein | B100: Legumes & oilseeds | C100: 9 | D100: Pig | E100: True ileal | F100: 0.909 | G100: 0.872 | H100: 0.831 | I100: 0.884 | J100: 0.93 | K100: 0.91 | L100: 0.885 | M100: 0.752 | N100: 0.873 | O100: 0.828 | P100: 0.871 | Q100: 0.961 | R100: 0.752
A101: Pea, yellow, pressure cooked (Pisum sativum; var. Salamanca) (24,4 g/100 g protein) | B101: Legumes & oilseeds | C101: 17 | D101: Human | E101: True ileal | F101: 0.704 | G101: 0.704 | H101: 0.668 | I101: 0.795 | J101: 0.7 | K101: 0.621 | L101: 0.561 | M101: 0.704 | N101: 0.806 | O101: 0.704 | P101: 0.774 | Q101: 0.704 | R101: 0.704 | S101: Values in red are calculated average AA digestibility
A102: Pistachio nuts, raw (Pistacia vera L.), 27,1 g/100 g protein) | B102: Legumes & oilseeds | C102: 14 | D102: Pig | E102: Standardized Ileal | F102: 0.945 | G102: 0.918 | H102: 0.88 | I102: 0.872 | J102: 0.88 | K102: 0.866 | L102: 0.869 | M102: 0.88 | N102: 0.869 | O102: 0.876 | P102: 0.878 | Q102: 0.978 | R102: 0.888
...

Sheet Total and digestible IAA
A1: Food item name | B1: Food group | C1: Data source | D1: Data source 2 | E1: Method | F1: Protein | G1: TRP | H1: THR | I1: ILE | J1: LEU | K1: LYS | L1: MET | M1: CYS | N1: PHE | O1: TYR | P1: VAL | Q1: ARG | R1: HIS | S1: Additional information | V1: TRP | W1: THR | X1: ILE | Y1: LEU | Z1: LYS | AA1: MET | AB1: CYS | AC1: PHE | AD1: TYR | AE1: VAL | AF1: HIS | AH1: TRP | AI1: THR | AJ1: ILE | AK1: LEU | AL1: LYS | AM1: SAA | AN1: AAA | AO1: VAL | AP1: HIS | AQ1: Additional information
F2: g/kg | G2: Total IAA g/kg | V2: Digestible IAA g/kg | AH2: Digestible IAA mg/g protein
A3: Barley (not hulless varieties) | B3: Cereal & cereal products | C3: 2 | E3: Standardized Ileal | F3: 113 | G3: 1.4 | H3: 3.9 | I3: 4.1 | J3: 7.7 | K3: 4.3 | L3: 1.9 | M3: 2.6 | N3: 5.5 | O3: 3.2 | P3: 5.7 | Q3: 5.5 | R3: 2.6 | V3: =G3*'IAA digestibility'!G3 -> 1.106 | W3: =H3*'IAA digestibility'!H3 -> 2.925 | X3: =I3*'IAA digestibility'!I3 -> 3.321 | Y3: =J3*'IAA digestibility'!J3 -> 6.391 | Z3: =K3*'IAA digestibility'!K3 -> 3.225 | AA3: =L3*'IAA digestibility'!L3 -> 1.577 | AB3: =M3*'IAA digestibility'!M3 -> 2.184 | AC3: =N3*'IAA digestibility'!N3 -> 4.62 | ... AE3: =P3*'IAA digestibility'!P3 -> 4.56 | AF3: =R3*'IAA digestibility'!R3 -> 2.106 | AH3: =(V3/$F3)*1000 -> 9.7876106 | AI3: =(W3/$F3)*1000 -> 25.884956 | AJ3: =(X3/$F3)*1000 -> 29.389381 | AK3: =(Y3/$F3)*1000 -> 56.557522 | AL3: =(Z3/$F3)*1000 -> 28.539823 | AM3: =((AA3+AB3)/$F3)*1000 -> 33.283186 | AN3: =((AC3+AD3)/$F3)*1000 -> 64.389381 | AO3: =(AE3/$F3)*1000 -> 40.353982 | AP3: =(AF3/$F3)*1000 -> 18.637168
A4: Barley, dehulled (11,8% protein) | B4: Cereal & cereal products | C4: 7 | E4: Standardized Ileal | F4: 118 | G4: 1 | H4: 3.4 | I4: 3.9 | J4: 7.3 | K4: 3.9 | L4: 1.7 | M4: 2.3 | N4: 5.5 | O4: 2.7 | P4: 5.3 | Q4: 5.1 | R4: 2.5 | S4: Pocured from Siemer Enterprises Inc | V4: =G4*'IAA digestibility'!G4 -> 0.84 | W4: =H4*'IAA digestibility'!H4 -> 2.448 | X4: =I4*'IAA digestibility'!I4 -> 2.964 | Y4: =J4*'IAA digestibility'!J4 -> 5.767 | Z4: =K4*'IAA digestibility'!K4 -> 2.886 | AA4: =L4*'IAA digestibility'!L4 -> 1.326 | AB4: =M4*'IAA digestibility'!M4 -> 1.84 | AC4: =N4*'IAA digestibility'!N4 -> 4.51 | ... AE4: =P4*'IAA digestibility'!P4 -> 4.081 | AF4: =R4*'IAA digestibility'!R4 -> 2.025 | AH4: =(V4/$F4)*1000 -> 7.1186441 | AI4: =(W4/$F4)*1000 -> 20.745763 | AJ4: =(X4/$F4)*1000 -> 25.118644 | AK4: =(Y4/$F4)*1000 -> 48.872881 | AL4: =(Z4/$F4)*1000 -> 24.457627 | AM4: =((AA4+AB4)/$F4)*1000 -> 26.830508 | AN4: =((AC4+AD4)/$F4)*1000 -> 55.838983 | AO4: =(AE4/$F4)*1000 -> 34.584746 | AP4: =(AF4/$F4)*1000 -> 17.161017
A5: Biscuits (CP>12%) | B5: Cereal & cereal products | C5: 1,19 | E5: Standardized Ileal | F5: 81 | G5: 0.8 | H5: 2.7 | I5: 2.9 | J5: 5.4 | K5: 2 | L5: 1.2 | M5: 1.7 | N5: 3.7 | O5: 2.3 | P5: 3.7 | Q5: 3.3 | R5: 1.9 | V5: =G5*'IAA digestibility'!G5 -> 0.688 | W5: =H5*'IAA digestibility'!H5 -> 2.457 | X5: =I5*'IAA digestibility'!I5 -> 2.668 | Y5: =J5*'IAA digestibility'!J5 -> 4.914 | Z5: =K5*'IAA digestibility'!K5 -> 1.78 | AA5: =L5*'IAA digestibility'!L5 -> 1.08 | AB5: =M5*'IAA digestibility'!M5 -> 1.479 | AC5: =N5*'IAA digestibility'!N5 -> 3.256 | ... AE5: =P5*'IAA digestibility'!P5 -> 3.33 | AF5: =R5*'IAA digestibility'!R5 -> 1.767 | AH5: =(V5/$F5)*1000 -> 8.4938272 | AI5: =(W5/$F5)*1000 -> 30.333333 | AJ5: =(X5/$F5)*1000 -> 32.938272 | AK5: =(Y5/$F5)*1000 -> 60.666667 | AL5: =(Z5/$F5)*1000 -> 21.975309 | AM5: =((AA5+AB5)/$F5)*1000 -> 31.592593 | AN5: =((AC5+AD5)/$F5)*1000 -> 66.888889 | AO5: =(AE5/$F5)*1000 -> 41.111111 | AP5: =(AF5/$F5)*1000 -> 21.814815
A6: Bread | B6: Cereal & cereal products | C6: 1,19 | E6: Standardized Ileal | F6: 121 | G6: 1.2 | H6: 4 | I6: 4.4 | J6: 8 | K6: 3 | L6: 1.8 | M6: 2.6 | N6: 5.6 | O6: 3.4 | P6: 5.5 | Q6: 5 | R6: 2.9 | V6: =G6*'IAA digestibility'!G6 -> 1.08 | W6: =H6*'IAA digestibility'!H6 -> 3.64 | X6: =I6*'IAA digestibility'!I6 -> 4.048 | Y6: =J6*'IAA digestibility'!J6 -> 7.44 | Z6: =K6*'IAA digestibility'!K6 -> 2.76 | AA6: =L6*'IAA digestibility'!L6 -> 1.674 | AB6: =M6*'IAA digestibility'!M6 -> 2.262 | AC6: =N6*'IAA digestibility'!N6 -> 4.928 | ... AE6: =P6*'IAA digestibility'!P6 -> 5.005 | AF6: =R6*'IAA digestibility'!R6 -> 2.668 | AH6: =(V6/$F6)*1000 -> 8.9256198 | AI6: =(W6/$F6)*1000 -> 30.082645 | AJ6: =(X6/$F6)*1000 -> 33.454545 | AK6: =(Y6/$F6)*1000 -> 61.487603 | AL6: =(Z6/$F6)*1000 -> 22.809917 | AM6: =((AA6+AB6)/$F6)*1000 -> 32.528926 | AN6: =((AC6+AD6)/$F6)*1000 -> 66.859504 | AO6: =(AE6/$F6)*1000 -> 41.363636 | AP6: =(AF6/$F6)*1000 -> 22.049587
A7: Maize flour/Corn flour | B7: Cereal & cereal products | C7: 1 | E7: Standardized Ileal | F7: 76 | G7: 0.5 | H7: 2.7 | I7: 2.6 | J7: 9.2 | K7: 2.2 | L7: 1.6 | M7: 1.7 | N7: 3.7 | O7: 2.8 | P7: 3.7 | Q7: 3.6 | R7: 2.3 | V7: =G7*'IAA digestibility'!G7 -> 0.39 | W7: =H7*'IAA digestibility'!H7 -> 2.052 | X7: =I7*'IAA digestibility'!I7 -> 2.236 | Y7: =J7*'IAA digestibility'!J7 -> 8.464 | Z7: =K7*'IAA digestibility'!K7 -> 1.672 | AA7: =L7*'IAA digestibility'!L7 -> 1.472 | AB7: =M7*'IAA digestibility'!M7 -> 1.343 | AC7: =N7*'IAA digestibility'!N7 -> 3.108 | ... AE7: =P7*'IAA digestibility'!P7 -> 3.145 | AF7: =R7*'IAA digestibility'!R7 -> 1.932 | AH7: =(V7/$F7)*1000 -> 5.1315789 | AI7: =(W7/$F7)*1000 -> 27 | AJ7: =(X7/$F7)*1000 -> 29.421053 | AK7: =(Y7/$F7)*1000 -> 111.36842 | AL7: =(Z7/$F7)*1000 -> 22 | AM7: =((AA7+AB7)/$F7)*1000 -> 37.039474 | AN7: =((AC7+AD7)/$F7)*1000 -> 74.421053 | AO7: =(AE7/$F7)*1000 -> 41.381579 | AP7: =(AF7/$F7)*1000 -> 25.421053
A8: Maize/corn | B8: Cereal & cereal products | C8: 2 | E8: Standardized Ileal | F8: 88 | G8: 0.6 | H8: 3.3 | I8: 3.3 | J8: 10.8 | K8: 2.7 | L8: 1.9 | M8: 2.2 | N8: 4.3 | O8: 3.7 | P8: 4.4 | Q8: 4.2 | R8: 2.6 | V8: =G8*'IAA digestibility'!G8 -> 0.48 | W8: =H8*'IAA digestibility'!H8 -> 2.739 | X8: =I8*'IAA digestibility'!I8 -> 2.904 | Y8: =J8*'IAA digestibility'!J8 -> 10.044 | Z8: =K8*'IAA digestibility'!K8 -> 2.16 | AA8: =L8*'IAA digestibility'!L8 -> 1.729 | AB8: =M8*'IAA digestibility'!M8 -> 1.958 | AC8: =N8*'IAA digestibility'!N8 -> 3.913 | ... AE8: =P8*'IAA digestibility'!P8 -> 3.828 | AF8: =R8*'IAA digestibility'!R8 -> 2.314 | AH8: =(V8/$F8)*1000 -> 5.4545455 | AI8: =(W8/$F8)*1000 -> 31.125 | AJ8: =(X8/$F8)*1000 -> 33 | AK8: =(Y8/$F8)*1000 -> 114.13636 | AL8: =(Z8/$F8)*1000 -> 24.545455 | AM8: =((AA8+AB8)/$F8)*1000 -> 41.897727 | AN8: =((AC8+AD8)/$F8)*1000 -> 82.306818 | AO8: =(AE8/$F8)*1000 -> 43.5 | AP8: =(AF8/$F8)*1000 -> 26.295455
A9: Maize (extruded)/extruded corn | B9: Cereal & cereal products | C9: 2 | E9: Standardized Ileal | F9: 88 | G9: 0.6 | H9: 3.3 | I9: 3.3 | J9: 10.8 | K9: 2.7 | L9: 1.9 | M9: 2.2 | N9: 4.3 | O9: 3.7 | P9: 4.4 | Q9: 4.2 | R9: 2.6 | V9: =G9*'IAA digestibility'!G9 -> 0.498 | W9: =H9*'IAA digestibility'!H9 -> 2.673 | X9: =I9*'IAA digestibility'!I9 -> 2.871 | Y9: =J9*'IAA digestibility'!J9 -> 9.828 | Z9: =K9*'IAA digestibility'!K9 -> 2.133 | AA9: =L9*'IAA digestibility'!L9 -> 1.691 | AB9: =M9*'IAA digestibility'!M9 -> 1.914 | AC9: =N9*'IAA digestibility'!N9 -> 3.87 | ... AE9: =P9*'IAA digestibility'!P9 -> 3.784 | AF9: =R9*'IAA digestibility'!R9 -> 2.262 | AH9: =(V9/$F9)*1000 -> 5.6590909 | AI9: =(W9/$F9)*1000 -> 30.375 | AJ9: =(X9/$F9)*1000 -> 32.625 | AK9: =(Y9/$F9)*1000 -> 111.68182 | AL9: =(Z9/$F9)*1000 -> 24.238636 | AM9: =((AA9+AB9)/$F9)*1000 -> 40.965909 | AN9: =((AC9+AD9)/$F9)*1000 -> 81.397727 | AO9: =(AE9/$F9)*1000 -> 43 | AP9: =(AF9/$F9)*1000 -> 25.704545
A10: Maize (flaked)/flaked corn/rolled corn | B10: Cereal & cereal products | C10: 2 | E10: Standardized Ileal | F10: 88 | G10: 0.6 | H10: 3.3 | I10: 3.3 | J10: 10.8 | K10: 2.7 | L10: 1.9 | M10: 2.2 | N10: 4.3 | O10: 3.7 | P10: 4.4 | Q10: 4.2 | R10: 2.6 | V10: =G10*'IAA digestibility'!G10 -> 0.498 | W10: =H10*'IAA digestibility'!H10 -> 2.673 | X10: =I10*'IAA digestibility'!I10 -> 2.871 | Y10: =J10*'IAA digestibility'!J10 -> 9.828 | Z10: =K10*'IAA digestibility'!K10 -> 2.133 | AA10: =L10*'IAA digestibility'!L10 -> 1.691 | AB10: =M10*'IAA digestibility'!M10 -> 1.914 | AC10: =N10*'IAA digestibility'!N10 -> 3.87 | ... AE10: =P10*'IAA digestibility'!P10 -> 3.784 | AF10: =R10*'IAA digestibility'!R10 -> 2.262 | AH10: =(V10/$F10)*1000 -> 5.6590909 | AI10: =(W10/$F10)*1000 -> 30.375 | AJ10: =(X10/$F10)*1000 -> 32.625 | AK10: =(Y10/$F10)*1000 -> 111.68182 | AL10: =(Z10/$F10)*1000 -> 24.238636 | AM10: =((AA10+AB10)/$F10)*1000 -> 40.965909 | AN10: =((AC10+AD10)/$F10)*1000 -> 81.397727 | AO10: =(AE10/$F10)*1000 -> 43 | AP10: =(AF10/$F10)*1000 -> 25.704545
A11: Maize (high moisure)/humid corn - 60-70% dry matter, raw | B11: Cereal & cereal products | C11: 2 | E11: Standardized Ileal | F11: 92 | G11: 0.6 | H11: 3.4 | I11: 3.4 | J11: 11.4 | K11: 2.8 | L11: 1.9 | M11: 2.3 | N11: 4.5 | O11: 3.9 | P11: 4.6 | Q11: 4.4 | R11: 2.7 | V11: =G11*'IAA digestibility'!G11 -> 0.48 | W11: =H11*'IAA digestibility'!H11 -> 2.822 | X11: =I11*'IAA digestibility'!I11 -> 2.992 | Y11: =J11*'IAA digestibility'!J11 -> 10.602 | Z11: =K11*'IAA digestibility'!K11 -> 2.24 | AA11: =L11*'IAA digestibility'!L11 -> 1.729 | AB11: =M11*'IAA digestibility'!M11 -> 2.024 | AC11: =N11*'IAA digestibility'!N11 -> 4.095 | ... AE11: =P11*'IAA digestibility'!P11 -> 4.002 | AF11: =R11*'IAA digestibility'!R11 -> 2.403 | AH11: =(V11/$F11)*1000 -> 5.2173913 | AI11: =(W11/$F11)*1000 -> 30.673913 | AJ11: =(X11/$F11)*1000 -> 32.521739 | AK11: =(Y11/$F11)*1000 -> 115.23913 | AL11: =(Z11/$F11)*1000 -> 24.347826 | AM11: =((AA11+AB11)/$F11)*1000 -> 40.793478 | AN11: =((AC11+AD11)/$F11)*1000 -> 82.663043 | AO11: =(AE11/$F11)*1000 -> 43.5 | AP11: =(AF11/$F11)*1000 -> 26.119565
A12: Maize bran | B12: Cereal & cereal products | C12: 1 | E12: Standardized Ileal | F12: 94 | G12: 0.7 | H12: 3.5 | I12: 3.3 | J12: 10.5 | K12: 3 | L12: 2 | M12: 2.1 | N12: 4.4 | O12: 3.4 | P12: 4.8 | Q12: 4.7 | R12: 2.7 | V12: =G12*'IAA digestibility'!G12 -> 0.483 | W12: =H12*'IAA digestibility'!H12 -> 2.31 | X12: =I12*'IAA digestibility'!I12 -> 2.541 | Y12: =J12*'IAA digestibility'!J12 -> 8.505 | Z12: =K12*'IAA digestibility'!K12 -> 2.04 | AA12: =L12*'IAA digestibility'!L12 -> 1.66 | AB12: =M12*'IAA digestibility'!M12 -> 1.449 | AC12: =N12*'IAA digestibility'!N12 -> 3.52 | ... AE12: =P12*'IAA digestibility'!P12 -> 3.696 | AF12: =R12*'IAA digestibility'!R12 -> 2.16 | AH12: =(V12/$F12)*1000 -> 5.1382979 | AI12: =(W12/$F12)*1000 -> 24.574468 | AJ12: =(X12/$F12)*1000 -> 27.031915 | AK12: =(Y12/$F12)*1000 -> 90.478723 | AL12: =(Z12/$F12)*1000 -> 21.702128 | AM12: =((AA12+AB12)/$F12)*1000 -> 33.074468 | AN12: =((AC12+AD12)/$F12)*1000 -> 66.382979 | AO12: =(AE12/$F12)*1000 -> 39.319149 | AP12: =(AF12/$F12)*1000 -> 22.978723
A13: Maize, yellow dent (7,5% protein) | B13: Cereal & cereal products | C13: 7 | E13: Standardized Ileal | F13: 75 | G13: 0.5 | H13: 2.3 | I13: 2.3 | J13: 7.1 | K13: 2.3 | L13: 1.4 | M13: 1.4 | N13: 2.9 | O13: 1.9 | P13: 3.2 | Q13: 3.2 | R13: 1.9 | S13: Procured from Exseed Genetics LLC | V13: =G13*'IAA digestibility'!G13 -> 0.35 | W13: =H13*'IAA digestibility'!H13 -> 1.61 | X13: =I13*'IAA digestibility'!I13 -> 1.748 | Y13: =J13*'IAA digestibility'!J13 -> 5.964 | Z13: =K13*'IAA digestibility'!K13 -> 1.725 | AA13: =L13*'IAA digestibility'!L13 -> 1.26 | AB13: =M13*'IAA digestibility'!M13 -> 1.078 | AC13: =N13*'IAA digestibility'!N13 -> 2.407 | ... AE13: =P13*'IAA digestibility'!P13 -> 2.4 | AF13: =R13*'IAA digestibility'!R13 -> 1.577 | AH13: =(V13/$F13)*1000 -> 4.6666667 | AI13: =(W13/$F13)*1000 -> 21.466667 | AJ13: =(X13/$F13)*1000 -> 23.306667 | AK13: =(Y13/$F13)*1000 -> 79.52 | AL13: =(Z13/$F13)*1000 -> 23 | AM13: =((AA13+AB13)/$F13)*1000 -> 31.173333 | AN13: =((AC13+AD13)/$F13)*1000 -> 52.36 | AO13: =(AE13/$F13)*1000 -> 32 | AP13: =(AF13/$F13)*1000 -> 21.026667
A14: Maize, nutridense (8,8% protein) | B14: Cereal & cereal products | C14: 7 | E14: Standardized Ileal | F14: 88 | G14: 0.5 | H14: 2.7 | I14: 3 | J14: 9.6 | K14: 2.9 | L14: 1.7 | M14: 1.7 | N14: 3.9 | O14: 2.4 | P14: 4 | Q14: 4.1 | R14: 2.6 | S14: Procured from Exseed Genetics LLC | V14: =G14*'IAA digestibility'!G14 -> 0.365 | W14: =H14*'IAA digestibility'!H14 -> 2.052 | X14: =I14*'IAA digestibility'!I14 -> 2.43 | Y14: =J14*'IAA digestibility'!J14 -> 8.64 | Z14: =K14*'IAA digestibility'!K14 -> 2.291 | AA14: =L14*'IAA digestibility'!L14 -> 1.547 | AB14: =M14*'IAA digestibility'!M14 -> 1.394 | AC14: =N14*'IAA digestibility'!N14 -> 3.432 | ... AE14: =P14*'IAA digestibility'!P14 -> 3.28 | AF14: =R14*'IAA digestibility'!R14 -> 2.262 | AH14: =(V14/$F14)*1000 -> 4.1477273 | AI14: =(W14/$F14)*1000 -> 23.318182 | AJ14: =(X14/$F14)*1000 -> 27.613636 | AK14: =(Y14/$F14)*1000 -> 98.181818 | AL14: =(Z14/$F14)*1000 -> 26.034091 | AM14: =((AA14+AB14)/$F14)*1000 -> 33.420455 | AN14: =((AC14+AD14)/$F14)*1000 -> 62.181818 | AO14: =(AE14/$F14)*1000 -> 37.272727 | AP14: =(AF14/$F14)*1000 -> 25.704545
A15: Maize, high lysine | B15: Cereal & cereal products | C15: 16 | E15: Standardized Ileal | AQ15: AA composition data not reported
A16: Millet, finger | B16: Cereal & cereal products | C16: 4 | E16: True Ileal | AQ16: AA composition data not reported
A17: Millet, pearl (Penisetum glaucum (l) R. Br)/candle millet/dark millet/bajra/Indian millet/horse millet/bulrush millet/cattail millet | B17: Cereal & cereal products | C17: 2 | E17: Standardized Ileal | F17: 125 | G17: 2.2 | H17: 4.9 | I17: 5.5 | J17: 16.4 | K17: 3.1 | L17: 4.3 | M17: 3 | N17: 6.1 | O17: 3.9 | P17: 6.8 | Q17: 4.9 | R17: 2.9 | V17: =G17*'IAA digestibility'!G17 -> 2.024 | W17: =H17*'IAA digestibility'!H17 -> 4.263 | X17: =I17*'IAA digestibility'!I17 -> 5.005 | Y17: =J17*'IAA digestibility'!J17 -> 14.924 | Z17: =K17*'IAA digestibility'!K17 -> 2.666 | AA17: =L17*'IAA digestibility'!L17 -> 3.612 | AB17: =M17*'IAA digestibility'!M17 -> 2.7 | AC17: =N17*'IAA digestibility'!N17 -> 5.673 | ... AE17: =P17*'IAA digestibility'!P17 -> 6.12 | AF17: =R17*'IAA digestibility'!R17 -> 2.668 | AH17: =(V17/$F17)*1000 -> 16.192 | AI17: =(W17/$F17)*1000 -> 34.104 | AJ17: =(X17/$F17)*1000 -> 40.04 | AK17: =(Y17/$F17)*1000 -> 119.392 | AL17: =(Z17/$F17)*1000 -> 21.328 | AM17: =((AA17+AB17)/$F17)*1000 -> 50.496 | AN17: =((AC17+AD17)/$F17)*1000 -> 72.528 | AO17: =(AE17/$F17)*1000 -> 48.96 | AP17: =(AF17/$F17)*1000 -> 21.344
A18: Millet, proso (Panicum miliaceum L.)/common millet/broomtail millet/hog millet/white millet/broomcorn millet | B18: Cereal & cereal products | C18: 2 | E18: Standardized Ileal | F18: 142 | G18: 2.6 | H18: 5.4 | I18: 6.4 | J18: 19 | K18: 3.2 | L18: 5 | M18: 3.3 | N18: 7 | O18: 4.4 | P18: 7.7 | Q18: 5.3 | R18: 3.1 | V18: =G18*'IAA digestibility'!G18 -> 2.002 | W18: =H18*'IAA digestibility'!H18 -> 4.104 | X18: =I18*'IAA digestibility'!I18 -> 5.184 | Y18: =J18*'IAA digestibility'!J18 -> 15.77 | Z18: =K18*'IAA digestibility'!K18 -> 2.464 | AA18: =L18*'IAA digestibility'!L18 -> 4.2 | AB18: =M18*'IAA digestibility'!M18 -> 2.475 | AC18: =N18*'IAA digestibility'!N18 -> 5.88 | ... AE18: =P18*'IAA digestibility'!P18 -> 6.083 | AF18: =R18*'IAA digestibility'!R18 -> 2.542 | AH18: =(V18/$F18)*1000 -> 14.098592 | AI18: =(W18/$F18)*1000 -> 28.901408 | AJ18: =(X18/$F18)*1000 -> 36.507042 | AK18: =(Y18/$F18)*1000 -> 111.05634 | AL18: =(Z18/$F18)*1000 -> 17.352113 | AM18: =((AA18+AB18)/$F18)*1000 -> 47.007042 | AN18: =((AC18+AD18)/$F18)*1000 -> 66.816901 | AO18: =(AE18/$F18)*1000 -> 42.838028 | AP18: =(AF18/$F18)*1000 -> 17.901408
A19: Oat groats (Avena sativa L.)/oat grain from whuch hulls have been removed | B19: Cereal & cereal products | C19: 2 | E19: Standardized Ileal | F19: 128 | G19: 1.6 | H19: 4.5 | I19: 4.9 | J19: 9.4 | K19: 5.3 | L19: 2.2 | M19: 4 | N19: 6.5 | O19: 4.6 | P19: 6.8 | Q19: 8.8 | R19: 2.8 | V19: =G19*'IAA digestibility'!G19 -> 1.312 | W19: =H19*'IAA digestibility'!H19 -> 3.6 | X19: =I19*'IAA digestibility'!I19 -> 4.067 | Y19: =J19*'IAA digestibility'!J19 -> 7.802 | Z19: =K19*'IAA digestibility'!K19 -> 4.187 | AA19: =L19*'IAA digestibility'!L19 -> 1.87 | AB19: =M19*'IAA digestibility'!M19 -> 3.4 | AC19: =N19*'IAA digestibility'!N19 -> 5.395 | ... AE19: =P19*'IAA digestibility'!P19 -> 5.508 | AF19: =R19*'IAA digestibility'!R19 -> 2.324 | AH19: =(V19/$F19)*1000 -> 10.25 | AI19: =(W19/$F19)*1000 -> 28.125 | AJ19: =(X19/$F19)*1000 -> 31.773438 | AK19: =(Y19/$F19)*1000 -> 60.953125 | AL19: =(Z19/$F19)*1000 -> 32.710938 | AM19: =((AA19+AB19)/$F19)*1000 -> 41.171875 | AN19: =((AC19+AD19)/$F19)*1000 -> 72.695312 | AO19: =(AE19/$F19)*1000 -> 43.03125 | AP19: =(AF19/$F19)*1000 -> 18.15625
A20: Oats (Avena sativa L.) | B20: Cereal & cereal products | C20: 1,19 | E20: Standardized Ileal | F20: 102 | G20: 1.2 | H20: 3.6 | I20: 3.8 | J20: 7.5 | K20: 4.2 | L20: 1.7 | M20: 3.1 | N20: 4.9 | O20: 3.4 | P20: 5.3 | Q20: 6.6 | R20: 2.2 | V20: =G20*'IAA digestibility'!G20 -> 0.924 | W20: =H20*'IAA digestibility'!H20 -> 2.52 | X20: =I20*'IAA digestibility'!I20 -> 3.04 | Y20: =J20*'IAA digestibility'!J20 -> 6.15 | Z20: =K20*'IAA digestibility'!K20 -> 3.192 | AA20: =L20*'IAA digestibility'!L20 -> 1.394 | AB20: =M20*'IAA digestibility'!M20 -> 2.232 | AC20: =N20*'IAA digestibility'!N20 -> 4.116 | ... AE20: =P20*'IAA digestibility'!P20 -> 4.187 | AF20: =R20*'IAA digestibility'!R20 -> 1.87 | AH20: =(V20/$F20)*1000 -> 9.0588235 | AI20: =(W20/$F20)*1000 -> 24.705882 | AJ20: =(X20/$F20)*1000 -> 29.803922 | AK20: =(Y20/$F20)*1000 -> 60.294118 | AL20: =(Z20/$F20)*1000 -> 31.294118 | AM20: =((AA20+AB20)/$F20)*1000 -> 35.54902 | AN20: =((AC20+AD20)/$F20)*1000 -> 67.352941 | AO20: =(AE20/$F20)*1000 -> 41.04902 | AP20: =(AF20/$F20)*1000 -> 18.333333
A21: Oats (Avena sativa L.) | B21: Cereal & cereal products | C21: 2 | E21: Standardized Ileal | F21: 108 | G21: 1.4 | H21: 3.8 | I21: 4.1 | J21: 7.9 | K21: 4.5 | L21: 1.9 | M21: 3.6 | N21: 5.4 | O21: 3.8 | P21: 5.7 | Q21: 7.2 | R21: 2.3 | V21: =G21*'IAA digestibility'!G21 -> 1.092 | W21: =H21*'IAA digestibility'!H21 -> 2.622 | X21: =I21*'IAA digestibility'!I21 -> 3.239 | Y21: =J21*'IAA digestibility'!J21 -> 6.399 | Z21: =K21*'IAA digestibility'!K21 -> 3.285 | AA21: =L21*'IAA digestibility'!L21 -> 1.596 | AB21: =M21*'IAA digestibility'!M21 -> 2.7 | AC21: =N21*'IAA digestibility'!N21 -> 4.536 | ... AE21: =P21*'IAA digestibility'!P21 -> 4.389 | AF21: =R21*'IAA digestibility'!R21 -> 1.909 | AH21: =(V21/$F21)*1000 -> 10.111111 | AI21: =(W21/$F21)*1000 -> 24.277778 | AJ21: =(X21/$F21)*1000 -> 29.990741 | AK21: =(Y21/$F21)*1000 -> 59.25 | AL21: =(Z21/$F21)*1000 -> 30.416667 | AM21: =((AA21+AB21)/$F21)*1000 -> 39.777778 | AN21: =((AC21+AD21)/$F21)*1000 -> 70.148148 | AO21: =(AE21/$F21)*1000 -> 40.638889 | AP21: =(AF21/$F21)*1000 -> 17.675926
A22: Oats, flaked/flaked or rolled oat grain | B22: Cereal & cereal products | C22: 2 | E22: Standardized Ileal | F22: 108 | G22: 1.4 | H22: 3.8 | I22: 4.1 | J22: 7.9 | K22: 4.5 | L22: 1.9 | M22: 3.6 | N22: 5.4 | O22: 3.8 | P22: 5.7 | Q22: 7.2 | R22: 2.3 | V22: =G22*'IAA digestibility'!G22 -> 1.092 | W22: =H22*'IAA digestibility'!H22 -> 2.622 | X22: =I22*'IAA digestibility'!I22 -> 3.239 | Y22: =J22*'IAA digestibility'!J22 -> 6.399 | Z22: =K22*'IAA digestibility'!K22 -> 3.285 | AA22: =L22*'IAA digestibility'!L22 -> 1.596 | AB22: =M22*'IAA digestibility'!M22 -> 2.7 | AC22: =N22*'IAA digestibility'!N22 -> 5.022 | ... AE22: =P22*'IAA digestibility'!P22 -> 4.389 | AF22: =R22*'IAA digestibility'!R22 -> 1.909 | AH22: =(V22/$F22)*1000 -> 10.111111 | AI22: =(W22/$F22)*1000 -> 24.277778 | AJ22: =(X22/$F22)*1000 -> 29.990741 | AK22: =(Y22/$F22)*1000 -> 59.25 | AL22: =(Z22/$F22)*1000 -> 30.416667 | AM22: =((AA22+AB22)/$F22)*1000 -> 39.777778 | AN22: =((AC22+AD22)/$F22)*1000 -> 74.296296 | AO22: =(AE22/$F22)*1000 -> 40.638889 | AP22: =(AF22/$F22)*1000 -> 17.675926
A23: Oats, dehulled (13,1% protein) | B23: Cereal & cereal products | C23: 7 | E23: Standardized Ileal | F23: 131 | G23: 1 | H23: 4.3 | I23: 5.1 | J23: 9.8 | K23: 5.7 | L23: 2.3 | M23: 4 | N23: 6.6 | O23: 3.8 | P23: 7.1 | Q23: 8.7 | R23: 3.2 | S23: Pocured from Siemer Enterprises Inc | V23: =G23*'IAA digestibility'!G23 -> 0.82 | W23: =H23*'IAA digestibility'!H23 -> 3.483 | X23: =I23*'IAA digestibility'!I23 -> 4.437 | Y23: =J23*'IAA digestibility'!J23 -> 8.526 | Z23: =K23*'IAA digestibility'!K23 -> 4.902 | AA23: =L23*'IAA digestibility'!L23 -> 2.07 | AB23: =M23*'IAA digestibility'!M23 -> 3.08 | AC23: =N23*'IAA digestibility'!N23 -> 5.808 | ... AE23: =P23*'IAA digestibility'!P23 -> 6.035 | AF23: =R23*'IAA digestibility'!R23 -> 2.816 | AH23: =(V23/$F23)*1000 -> 6.259542 | AI23: =(W23/$F23)*1000 -> 26.587786 | AJ23: =(X23/$F23)*1000 -> 33.870229 | AK23: =(Y23/$F23)*1000 -> 65.083969 | AL23: =(Z23/$F23)*1000 -> 37.419847 | AM23: =((AA23+AB23)/$F23)*1000 -> 39.312977 | AN23: =((AC23+AD23)/$F23)*1000 -> 67.832061 | AO23: =(AE23/$F23)*1000 -> 46.068702 | AP23: =(AF23/$F23)*1000 -> 21.496183
A24: Rice | B24: Cereal & cereal products | C24: 1,19 | E24: True Ileal | F24: 78 | G24: 0.9 | H24: 2.9 | I24: 2.9 | J24: 5.7 | K24: 3.3 | L24: 1.6 | M24: 1.7 | N24: 3.7 | O24: 2.7 | P24: 4.3 | Q24: 6.1 | R24: 2.1 | V24: =G24*'IAA digestibility'!G24 -> 0.801 | W24: =H24*'IAA digestibility'!H24 -> 2.378 | X24: =I24*'IAA digestibility'!I24 -> 2.175 | Y24: =J24*'IAA digestibility'!J24 -> 4.617 | Z24: =K24*'IAA digestibility'!K24 -> 3.036 | AA24: =L24*'IAA digestibility'!L24 -> 1.376 | AB24: =M24*'IAA digestibility'!M24 -> 1.649 | AC24: =N24*'IAA digestibility'!N24 -> 3.182 | ... AE24: =P24*'IAA digestibility'!P24 -> 3.784 | AF24: =R24*'IAA digestibility'!R24 -> 2.079 | AH24: =(V24/$F24)*1000 -> 10.269231 | AI24: =(W24/$F24)*1000 -> 30.487179 | AJ24: =(X24/$F24)*1000 -> 27.884615 | AK24: =(Y24/$F24)*1000 -> 59.192308 | AL24: =(Z24/$F24)*1000 -> 38.923077 | AM24: =((AA24+AB24)/$F24)*1000 -> 38.782051 | AN24: =((AC24+AD24)/$F24)*1000 -> 68.141026 | AO24: =(AE24/$F24)*1000 -> 48.512821 | AP24: =(AF24/$F24)*1000 -> 26.653846
A25: Rice, brown (Oryza sativa L.)/unpolished rice without the hulls but with the outer grain layers | B25: Cereal & cereal products | C25: 2 | E25: Standardized Ileal | F25: 105 | G25: 1.8 | H25: 3.8 | I25: 4.7 | J25: 8.4 | K25: 3.9 | L25: 2.4 | M25: 1.7 | N25: 5.5 | O25: 4.4 | P25: 6.1 | Q25: 8.4 | R25: 2.4 | V25: =G25*'IAA digestibility'!G25 -> 1.53 | W25: =H25*'IAA digestibility'!H25 -> 3.192 | X25: =I25*'IAA digestibility'!I25 -> 4.042 | Y25: =J25*'IAA digestibility'!J25 -> 7.392 | Z25: =K25*'IAA digestibility'!K25 -> 3.354 | AA25: =L25*'IAA digestibility'!L25 -> 2.136 | AB25: =M25*'IAA digestibility'!M25 -> 1.445 | AC25: =N25*'IAA digestibility'!N25 -> 4.895 | ... AE25: =P25*'IAA digestibility'!P25 -> 5.246 | AF25: =R25*'IAA digestibility'!R25 -> 2.112 | AH25: =(V25/$F25)*1000 -> 14.571429 | AI25: =(W25/$F25)*1000 -> 30.4 | AJ25: =(X25/$F25)*1000 -> 38.495238 | AK25: =(Y25/$F25)*1000 -> 70.4 | AL25: =(Z25/$F25)*1000 -> 31.942857 | AM25: =((AA25+AB25)/$F25)*1000 -> 34.104762 | AN25: =((AC25+AD25)/$F25)*1000 -> 83.495238 | AO25: =(AE25/$F25)*1000 -> 49.961905 | AP25: =(AF25/$F25)*1000 -> 20.114286
A26: Rice, paddy/whole rice grain with the hulls included | B26: Cereal & cereal products | C26: 2 | E26: Standardized Ileal | F26: 85 | G26: 1.5 | H26: 3.1 | I26: 3.8 | J26: 6.7 | K26: 3.2 | L26: 2.1 | M26: 1.6 | N26: 4.3 | O26: 3.6 | P26: 5 | Q26: 6.7 | R26: 1.9 | V26: =G26*'IAA digestibility'!G26 -> 1.14 | W26: =H26*'IAA digestibility'!H26 -> 2.325 | X26: =I26*'IAA digestibility'!I26 -> 3.04 | Y26: =J26*'IAA digestibility'!J26 -> 5.494 | Z26: =K26*'IAA digestibility'!K26 -> 2.4 | AA26: =L26*'IAA digestibility'!L26 -> 1.743 | AB26: =M26*'IAA digestibility'!M26 -> 1.168 | AC26: =N26*'IAA digestibility'!N26 -> 3.569 | ... AE26: =P26*'IAA digestibility'!P26 -> 3.9 | AF26: =R26*'IAA digestibility'!R26 -> 1.52 | AH26: =(V26/$F26)*1000 -> 13.411765 | AI26: =(W26/$F26)*1000 -> 27.352941 | AJ26: =(X26/$F26)*1000 -> 35.764706 | AK26: =(Y26/$F26)*1000 -> 64.635294 | AL26: =(Z26/$F26)*1000 -> 28.235294 | AM26: =((AA26+AB26)/$F26)*1000 -> 34.247059 | AN26: =((AC26+AD26)/$F26)*1000 -> 76.294118 | AO26: =(AE26/$F26)*1000 -> 45.882353 | AP26: =(AF26/$F26)*1000 -> 17.882353
A27: Rice, polished, broken (byproduct of the polishing process consisting of small or broken grains) | B27: Cereal & cereal products | C27: 2 | E27: Standardized Ileal | F27: 92 | G27: 1.6 | H27: 3.3 | I27: 4.1 | J27: 7.3 | K27: 3.5 | L27: 2.2 | M27: 1.6 | N27: 4.7 | O27: 3.9 | P27: 5.4 | Q27: 7.3 | R27: 2.1 | V27: =G27*'IAA digestibility'!G27 -> 1.52 | W27: =H27*'IAA digestibility'!H27 -> 3.102 | X27: =I27*'IAA digestibility'!I27 -> 3.854 | Y27: =J27*'IAA digestibility'!J27 -> 6.935 | Z27: =K27*'IAA digestibility'!K27 -> 3.29 | AA27: =L27*'IAA digestibility'!L27 -> 2.068 | AB27: =M27*'IAA digestibility'!M27 -> 1.504 | AC27: =N27*'IAA digestibility'!N27 -> 4.418 | ... AE27: =P27*'IAA digestibility'!P27 -> 5.13 | AF27: =R27*'IAA digestibility'!R27 -> 1.974 | AH27: =(V27/$F27)*1000 -> 16.521739 | AI27: =(W27/$F27)*1000 -> 33.717391 | AJ27: =(X27/$F27)*1000 -> 41.891304 | AK27: =(Y27/$F27)*1000 -> 75.380435 | AL27: =(Z27/$F27)*1000 -> 35.76087 | AM27: =((AA27+AB27)/$F27)*1000 -> 38.826087 | AN27: =((AC27+AD27)/$F27)*1000 -> 82.782609 | AO27: =(AE27/$F27)*1000 -> 55.76087 | AP27: =(AF27/$F27)*1000 -> 21.456522
A28: Rice, white, polished (9,0% protein) | B28: Cereal & cereal products | C28: 7 | E28: Standardized Ileal | F28: 90 | G28: 0.7 | H28: 2.7 | I28: 3.5 | J28: 6.6 | K28: 3 | L28: 2.1 | M28: 1.9 | N28: 4.2 | O28: 2.3 | P28: 4.9 | Q28: 6.1 | R28: 2.1 | S28: Procured from Walmart | V28: =G28*'IAA digestibility'!G28 -> 0.665 | W28: =H28*'IAA digestibility'!H28 -> 2.457 | X28: =I28*'IAA digestibility'!I28 -> 3.22 | Y28: =J28*'IAA digestibility'!J28 -> 6.204 | Z28: =K28*'IAA digestibility'!K28 -> 2.76 | AA28: =L28*'IAA digestibility'!L28 -> 1.995 | AB28: =M28*'IAA digestibility'!M28 -> 1.786 | AC28: =N28*'IAA digestibility'!N28 -> 3.99 | ... AE28: =P28*'IAA digestibility'!P28 -> 4.606 | AF28: =R28*'IAA digestibility'!R28 -> 1.911 | AH28: =(V28/$F28)*1000 -> 7.3888889 | AI28: =(W28/$F28)*1000 -> 27.3 | AJ28: =(X28/$F28)*1000 -> 35.777778 | AK28: =(Y28/$F28)*1000 -> 68.933333 | AL28: =(Z28/$F28)*1000 -> 30.666667 | AM28: =((AA28+AB28)/$F28)*1000 -> 42.011111 | AN28: =((AC28+AD28)/$F28)*1000 -> 67.844444 | AO28: =(AE28/$F28)*1000 -> 51.177778 | AP28: =(AF28/$F28)*1000 -> 21.233333
A29: Rice bran | B29: Cereal & cereal products | C29: 1,19 | E29: Standardized Ileal | F29: 143 | G29: 1.6 | H29: 5.3 | I29: 5.3 | J29: 10.4 | K29: 6 | L29: 3 | M29: 3.1 | N29: 6.7 | O29: 4.9 | P29: 7.9 | Q29: 11.1 | R29: 3.9 | V29: =G29*'IAA digestibility'!G29 -> 1.152 | W29: =H29*'IAA digestibility'!H29 -> 3.392 | X29: =I29*'IAA digestibility'!I29 -> 3.551 | Y29: =J29*'IAA digestibility'!J29 -> 6.968 | Z29: =K29*'IAA digestibility'!K29 -> 4.14 | AA29: =L29*'IAA digestibility'!L29 -> 2.19 | AB29: =M29*'IAA digestibility'!M29 -> 2.015 | AC29: =N29*'IAA digestibility'!N29 -> 4.556 | ... AE29: =P29*'IAA digestibility'!P29 -> 5.214 | AF29: =R29*'IAA digestibility'!R29 -> 3.003 | AH29: =(V29/$F29)*1000 -> 8.0559441 | AI29: =(W29/$F29)*1000 -> 23.72028 | AJ29: =(X29/$F29)*1000 -> 24.832168 | AK29: =(Y29/$F29)*1000 -> 48.727273 | AL29: =(Z29/$F29)*1000 -> 28.951049 | AM29: =((AA29+AB29)/$F29)*1000 -> 29.405594 | AN29: =((AC29+AD29)/$F29)*1000 -> 58.93007 | AO29: =(AE29/$F29)*1000 -> 36.461538 | AP29: =(AF29/$F29)*1000 -> 21
A30: Rye (Secale cereale L.) | B30: Cereal & cereal products | C30: 2 | E30: Standardized Ileal | F30: 98 | G30: 0.9 | H30: 3.4 | I30: 3.4 | J30: 6 | K30: 3.9 | L30: 1.6 | M30: 2.3 | N30: 4.3 | O30: 2.5 | P30: 4.8 | Q30: 5 | R30: 2.1 | V30: =G30*'IAA digestibility'!G30 -> 0.684 | W30: =H30*'IAA digestibility'!H30 -> 2.414 | X30: =I30*'IAA digestibility'!I30 -> 2.618 | Y30: =J30*'IAA digestibility'!J30 -> 4.68 | Z30: =K30*'IAA digestibility'!K30 -> 2.808 | AA30: =L30*'IAA digestibility'!L30 -> 1.296 | AB30: =M30*'IAA digestibility'!M30 -> 1.932 | AC30: =N30*'IAA digestibility'!N30 -> 3.526 | ... AE30: =P30*'IAA digestibility'!P30 -> 3.6 | AF30: =R30*'IAA digestibility'!R30 -> 1.659 | AH30: =(V30/$F30)*1000 -> 6.9795918 | AI30: =(W30/$F30)*1000 -> 24.632653 | AJ30: =(X30/$F30)*1000 -> 26.714286 | AK30: =(Y30/$F30)*1000 -> 47.755102 | AL30: =(Z30/$F30)*1000 -> 28.653061 | AM30: =((AA30+AB30)/$F30)*1000 -> 32.938776 | AN30: =((AC30+AD30)/$F30)*1000 -> 55.622449 | AO30: =(AE30/$F30)*1000 -> 36.734694 | AP30: =(AF30/$F30)*1000 -> 16.928571
A31: Rye (12,1% protein) | B31: Cereal & cereal products | C31: 7 | E31: Standardized Ileal | F31: 121 | G31: 0.9 | H31: 3.3 | I31: 3.8 | J31: 6.7 | K31: 4.1 | L31: 1.7 | M31: 2.2 | N31: 4.9 | O31: 2.2 | P31: 5.1 | Q31: 5.3 | R31: 2.6 | S31: Pocured from Siemer Enterprises Inc | V31: =G31*'IAA digestibility'!G31 -> 0.675 | W31: =H31*'IAA digestibility'!H31 -> 2.112 | X31: =I31*'IAA digestibility'!I31 -> 2.736 | Y31: =J31*'IAA digestibility'!J31 -> 4.958 | Z31: =K31*'IAA digestibility'!K31 -> 2.747 | AA31: =L31*'IAA digestibility'!L31 -> 1.36 | AB31: =M31*'IAA digestibility'!M31 -> 1.672 | AC31: =N31*'IAA digestibility'!N31 -> 3.871 | ... AE31: =P31*'IAA digestibility'!P31 -> 3.621 | AF31: =R31*'IAA digestibility'!R31 -> 2.002 | AH31: =(V31/$F31)*1000 -> 5.5785124 | AI31: =(W31/$F31)*1000 -> 17.454545 | AJ31: =(X31/$F31)*1000 -> 22.61157 | AK31: =(Y31/$F31)*1000 -> 40.975207 | AL31: =(Z31/$F31)*1000 -> 22.702479 | AM31: =((AA31+AB31)/$F31)*1000 -> 25.057851 | AN31: =((AC31+AD31)/$F31)*1000 -> 43.991736 | AO31: =(AE31/$F31)*1000 -> 29.92562 | AP31: =(AF31/$F31)*1000 -> 16.545455
A32: Seitan (wheat based protein), 20,9 g/100 g protein) | B32: Cereal & cereal products | C32: 8 | E32: Standardized Ileal | F32: 209.3 | G32: 5.7 | H32: 4.6 | I32: 7.6 | J32: 14.2 | K32: 2.9 | L32: 3.9 | M32: 4 | N32: 10.3 | O32: 4.9 | P32: 7.8 | Q32: 2.6 | R32: 4.7 | S32: Commercial origin | V32: =G32*'IAA digestibility'!G32 -> 5.2554 | W32: =H32*'IAA digestibility'!H32 -> 4.3286 | X32: =I32*'IAA digestibility'!I32 -> 7.3036 | Y32: =J32*'IAA digestibility'!J32 -> 13.6888 | Z32: =K32*'IAA digestibility'!K32 -> 2.8362 | AA32: =L32*'IAA digestibility'!L32 -> 3.8142 | AB32: =M32*'IAA digestibility'!M32 -> 3.96 | AC32: =N32*'IAA digestibility'!N32 -> 10.2897 | ... AE32: =P32*'IAA digestibility'!P32 -> 7.5504 | AF32: =R32*'IAA digestibility'!R32 -> 4.4932 | AH32: =(V32/$F32)*1000 -> 25.109412 | AI32: =(W32/$F32)*1000 -> 20.681319 | AJ32: =(X32/$F32)*1000 -> 34.895366 | AK32: =(Y32/$F32)*1000 -> 65.402771 | AL32: =(Z32/$F32)*1000 -> 13.550884 | AM32: =((AA32+AB32)/$F32)*1000 -> 37.143813 | AN32: =((AC32+AD32)/$F32)*1000 -> 71.262781 | AO32: =(AE32/$F32)*1000 -> 36.074534 | AP32: =(AF32/$F32)*1000 -> 21.46775
A33: Sorghum (Sorghum bicolor (L) Moench, low tannin variety | B33: Cereal & cereal products | C33: 2 | E33: Standardized Ileal | F33: 106 | G33: 1.1 | H33: 3.5 | I33: 4.5 | J33: 14.4 | K33: 2.5 | L33: 1.8 | M33: 2 | N33: 5.7 | O33: 4.3 | P33: 5.8 | Q33: 4.3 | R33: 2.4 | V33: =G33*'IAA digestibility'!G33 -> 0.869 | W33: =H33*'IAA digestibility'!H33 -> 2.66 | X33: =I33*'IAA digestibility'!I33 -> 3.735 | Y33: =J33*'IAA digestibility'!J33 -> 12.384 | Z33: =K33*'IAA digestibility'!K33 -> 1.85 | AA33: =L33*'IAA digestibility'!L33 -> 1.53 | AB33: =M33*'IAA digestibility'!M33 -> 1.54 | AC33: =N33*'IAA digestibility'!N33 -> 4.845 | ... AE33: =P33*'IAA digestibility'!P33 -> 4.698 | AF33: =R33*'IAA digestibility'!R33 -> 1.872 | AH33: =(V33/$F33)*1000 -> 8.1981132 | AI33: =(W33/$F33)*1000 -> 25.09434 | AJ33: =(X33/$F33)*1000 -> 35.235849 | AK33: =(Y33/$F33)*1000 -> 116.83019 | AL33: =(Z33/$F33)*1000 -> 17.45283 | AM33: =((AA33+AB33)/$F33)*1000 -> 28.962264 | AN33: =((AC33+AD33)/$F33)*1000 -> 80.188679 | AO33: =(AE33/$F33)*1000 -> 44.320755 | AP33: =(AF33/$F33)*1000 -> 17.660377
A34: Sorghum (Sorghum bicolor (L) Moench, low tannin variety | B34: Cereal & cereal products | C34: 1,19 | E34: Standardized Ileal | F34: 87 | G34: 1 | H34: 2.9 | I34: 3.5 | J34: 11.3 | K34: 2.1 | L34: 1.6 | M34: 1.6 | N34: 4.6 | O34: 3.4 | P34: 4.3 | Q34: 3.5 | R34: 2.1 | V34: =G34*'IAA digestibility'!G34 -> 0.87 | W34: =H34*'IAA digestibility'!H34 -> 2.436 | X34: =I34*'IAA digestibility'!I34 -> 3.045 | Y34: =J34*'IAA digestibility'!J34 -> 9.944 | Z34: =K34*'IAA digestibility'!K34 -> 1.659 | AA34: =L34*'IAA digestibility'!L34 -> 1.392 | AB34: =M34*'IAA digestibility'!M34 -> 1.248 | AC34: =N34*'IAA digestibility'!N34 -> 4.094 | ... AE34: =P34*'IAA digestibility'!P34 -> 3.698 | AF34: =R34*'IAA digestibility'!R34 -> 1.701 | AH34: =(V34/$F34)*1000 -> 10 | AI34: =(W34/$F34)*1000 -> 28 | AJ34: =(X34/$F34)*1000 -> 35 | AK34: =(Y34/$F34)*1000 -> 114.29885 | AL34: =(Z34/$F34)*1000 -> 19.068966 | AM34: =((AA34+AB34)/$F34)*1000 -> 30.344828 | AN34: =((AC34+AD34)/$F34)*1000 -> 80.275862 | AO34: =(AE34/$F34)*1000 -> 42.505747 | AP34: =(AF34/$F34)*1000 -> 19.551724
A35: Sorghum (9,8% protein) | B35: Cereal & cereal products | C35: 7 | E35: Standardized Ileal | F35: 98 | G35: 0.5 | H35: 2.9 | I35: 3.7 | J35: 12.4 | K35: 2 | L35: 1.5 | M35: 1.5 | N35: 4.7 | O35: 3 | P35: 4.6 | Q35: 3.3 | R35: 2.2 | S35: Pocured from Siemer Enterprises Inc | V35: =G35*'IAA digestibility'!G35 -> 0.365 | W35: =H35*'IAA digestibility'!H35 -> 1.972 | X35: =I35*'IAA digestibility'!I35 -> 2.738 | Y35: =J35*'IAA digestibility'!J35 -> 9.424 | Z35: =K35*'IAA digestibility'!K35 -> 1.38 | AA35: =L35*'IAA digestibility'!L35 -> 1.155 | AB35: =M35*'IAA digestibility'!M35 -> 1.02 | AC35: =N35*'IAA digestibility'!N35 -> 3.572 | ... AE35: =P35*'IAA digestibility'!P35 -> 3.358 | AF35: =R35*'IAA digestibility'!R35 -> 1.628 | AH35: =(V35/$F35)*1000 -> 3.7244898 | AI35: =(W35/$F35)*1000 -> 20.122449 | AJ35: =(X35/$F35)*1000 -> 27.938776 | AK35: =(Y35/$F35)*1000 -> 96.163265 | AL35: =(Z35/$F35)*1000 -> 14.081633 | AM35: =((AA35+AB35)/$F35)*1000 -> 22.193878 | AN35: =((AC35+AD35)/$F35)*1000 -> 58.183673 | AO35: =(AE35/$F35)*1000 -> 34.265306 | AP35: =(AF35/$F35)*1000 -> 16.612245
A36: Triticale (Triticum x Secale) | B36: Cereal & cereal products | C36: 2 | E36: Standardized Ileal | F36: 115 | G36: 1.4 | H36: 3.8 | I36: 4.4 | J36: 7.3 | K36: 4.5 | L36: 2 | M36: 3 | N36: 5 | O36: 3.5 | P36: 5.5 | Q36: 6.1 | R36: 2.7 | V36: =G36*'IAA digestibility'!G36 -> 1.232 | W36: =H36*'IAA digestibility'!H36 -> 3.116 | X36: =I36*'IAA digestibility'!I36 -> 3.828 | Y36: =J36*'IAA digestibility'!J36 -> 6.424 | Z36: =K36*'IAA digestibility'!K36 -> 3.735 | AA36: =L36*'IAA digestibility'!L36 -> 1.8 | AB36: =M36*'IAA digestibility'!M36 -> 2.73 | AC36: =N36*'IAA digestibility'!N36 -> 4.5 | ... AE36: =P36*'IAA digestibility'!P36 -> 4.73 | AF36: =R36*'IAA digestibility'!R36 -> 2.403 | AH36: =(V36/$F36)*1000 -> 10.713043 | AI36: =(W36/$F36)*1000 -> 27.095652 | AJ36: =(X36/$F36)*1000 -> 33.286957 | AK36: =(Y36/$F36)*1000 -> 55.86087 | AL36: =(Z36/$F36)*1000 -> 32.478261 | AM36: =((AA36+AB36)/$F36)*1000 -> 39.391304 | AN36: =((AC36+AD36)/$F36)*1000 -> 66.521739 | AO36: =(AE36/$F36)*1000 -> 41.130435 | AP36: =(AF36/$F36)*1000 -> 20.895652
A37: Wheat, durum | B37: Cereal & cereal products | C37: 2 | E37: Standardized Ileal | F37: 164 | G37: 1.8 | H37: 4.8 | I37: 5.9 | J37: 11.1 | K37: 4.3 | L37: 2.6 | M37: 3.6 | N37: 8 | O37: 5.2 | P37: 7.1 | Q37: 7.9 | R37: 3.7 | V37: =G37*'IAA digestibility'!G37 -> 1.584 | W37: =H37*'IAA digestibility'!H37 -> 3.984 | X37: =I37*'IAA digestibility'!I37 -> 5.251 | Y37: =J37*'IAA digestibility'!J37 -> 9.99 | Z37: =K37*'IAA digestibility'!K37 -> 3.483 | AA37: =L37*'IAA digestibility'!L37 -> 2.314 | AB37: =M37*'IAA digestibility'!M37 -> 3.276 | AC37: =N37*'IAA digestibility'!N37 -> 7.28 | ... AE37: =P37*'IAA digestibility'!P37 -> 6.106 | AF37: =R37*'IAA digestibility'!R37 -> 3.33 | AH37: =(V37/$F37)*1000 -> 9.6585366 | AI37: =(W37/$F37)*1000 -> 24.292683 | AJ37: =(X37/$F37)*1000 -> 32.018293 | AK37: =(Y37/$F37)*1000 -> 60.914634 | AL37: =(Z37/$F37)*1000 -> 21.237805 | AM37: =((AA37+AB37)/$F37)*1000 -> 34.085366 | AN37: =((AC37+AD37)/$F37)*1000 -> 72.926829 | AO37: =(AE37/$F37)*1000 -> 37.231707 | AP37: =(AF37/$F37)*1000 -> 20.304878
A38: Wheat, soft | B38: Cereal & cereal products | C38: 2 | E38: Standardized Ileal | F38: 126 | G38: 1.5 | H38: 3.8 | I38: 4.5 | J38: 8.5 | K38: 3.6 | L38: 2 | M38: 3.1 | N38: 5.9 | O38: 3.9 | P38: 5.6 | Q38: 6.3 | R38: 2.9 | V38: =G38*'IAA digestibility'!G38 -> 1.32 | W38: =H38*'IAA digestibility'!H38 -> 3.154 | X38: =I38*'IAA digestibility'!I38 -> 4.005 | Y38: =J38*'IAA digestibility'!J38 -> 7.65 | Z38: =K38*'IAA digestibility'!K38 -> 2.916 | AA38: =L38*'IAA digestibility'!L38 -> 1.78 | AB38: =M38*'IAA digestibility'!M38 -> 2.821 | AC38: =N38*'IAA digestibility'!N38 -> 5.369 | ... AE38: =P38*'IAA digestibility'!P38 -> 4.816 | AF38: =R38*'IAA digestibility'!R38 -> 2.61 | AH38: =(V38/$F38)*1000 -> 10.47619 | AI38: =(W38/$F38)*1000 -> 25.031746 | AJ38: =(X38/$F38)*1000 -> 31.785714 | AK38: =(Y38/$F38)*1000 -> 60.714286 | AL38: =(Z38/$F38)*1000 -> 23.142857 | AM38: =((AA38+AB38)/$F38)*1000 -> 36.515873 | AN38: =((AC38+AD38)/$F38)*1000 -> 70.468254 | AO38: =(AE38/$F38)*1000 -> 38.222222 | AP38: =(AF38/$F38)*1000 -> 20.714286
A39: Wheat flour (fibre < 3,5%) | B39: Cereal & cereal products | C39: 1,19 | E39: Standardized Ileal | F39: 154 | G39: 2.2 | H39: 5.1 | I39: 4.9 | J39: 9.5 | K39: 6.1 | L39: 2.5 | M39: 3.2 | N39: 6.1 | O39: 4.5 | P39: 7.2 | Q39: 10.3 | R39: 4.2 | V39: =G39*'IAA digestibility'!G39 -> 1.958 | W39: =H39*'IAA digestibility'!H39 -> 4.386 | X39: =I39*'IAA digestibility'!I39 -> 4.41 | Y39: =J39*'IAA digestibility'!J39 -> 8.645 | Z39: =K39*'IAA digestibility'!K39 -> 5.307 | AA39: =L39*'IAA digestibility'!L39 -> 2.25 | AB39: =M39*'IAA digestibility'!M39 -> 2.752 | AC39: =N39*'IAA digestibility'!N39 -> 5.429 | ... AE39: =P39*'IAA digestibility'!P39 -> 6.48 | AF39: =R39*'IAA digestibility'!R39 -> 3.822 | AH39: =(V39/$F39)*1000 -> 12.714286 | AI39: =(W39/$F39)*1000 -> 28.480519 | AJ39: =(X39/$F39)*1000 -> 28.636364 | AK39: =(Y39/$F39)*1000 -> 56.136364 | AL39: =(Z39/$F39)*1000 -> 34.461039 | AM39: =((AA39+AB39)/$F39)*1000 -> 32.480519 | AN39: =((AC39+AD39)/$F39)*1000 -> 62.136364 | AO39: =(AE39/$F39)*1000 -> 42.077922 | AP39: =(AF39/$F39)*1000 -> 24.818182
A40: Wheat (11,9% protein) | B40: Cereal & cereal products | C40: 7 | E40: Standardized Ileal | F40: 119 | G40: 1.3 | H40: 3.2 | I40: 3.9 | J40: 7.3 | K40: 3.4 | L40: 1.9 | M40: 2.5 | N40: 4.9 | O40: 2.7 | P40: 4.9 | Q40: 5.4 | R40: 2.5 | S40: Pocured from Siemer Enterprises Inc | V40: =G40*'IAA digestibility'!G40 -> 1.092 | W40: =H40*'IAA digestibility'!H40 -> 2.08 | X40: =I40*'IAA digestibility'!I40 -> 3.081 | Y40: =J40*'IAA digestibility'!J40 -> 5.913 | Z40: =K40*'IAA digestibility'!K40 -> 2.482 | AA40: =L40*'IAA digestibility'!L40 -> 1.615 | AB40: =M40*'IAA digestibility'!M40 -> 2.075 | AC40: =N40*'IAA digestibility'!N40 -> 4.116 | ... AE40: =P40*'IAA digestibility'!P40 -> 3.675 | AF40: =R40*'IAA digestibility'!R40 -> 2.1 | AH40: =(V40/$F40)*1000 -> 9.1764706 | AI40: =(W40/$F40)*1000 -> 17.478992 | AJ40: =(X40/$F40)*1000 -> 25.890756 | AK40: =(Y40/$F40)*1000 -> 49.689076 | AL40: =(Z40/$F40)*1000 -> 20.857143 | AM40: =((AA40+AB40)/$F40)*1000 -> 31.008403 | AN40: =((AC40+AD40)/$F40)*1000 -> 51.378151 | AO40: =(AE40/$F40)*1000 -> 30.882353 | AP40: =(AF40/$F40)*1000 -> 17.647059
A41: Zein protein isolate (89% proteins, Sigma-Aldrich) | B41: Cereal & cereal products | C41: 10 | E41: True ileal | F41: 890 | G41: 1.246 | H41: 29.993 | I41: 46.903 | J41: 214.49 | K41: 0.356 | L41: 17.444 | M41: 11.392 | N41: 71.378 | O41: 54.824 | P41: 40.228 | Q41: 17.622 | R41: 12.549 | S41: Naso-ileal intubation method used to continously collect postprandal ileal digesta from healthy volunteers | V41: =G41*'IAA digestibility'!G41 -> 0.7836094 | W41: =H41*'IAA digestibility'!H41 -> 18.805611 | X41: =I41*'IAA digestibility'!I41 -> 29.07986 | Y41: =J41*'IAA digestibility'!J41 -> 132.34033 | Z41: =K41*'IAA digestibility'!K41 -> 0.2238884 | AA41: =L41*'IAA digestibility'!L41 -> 10.344292 | AB41: =M41*'IAA digestibility'!M41 -> 7.108608 | AC41: =N41*'IAA digestibility'!N41 -> 43.326446 | ... AE41: =P41*'IAA digestibility'!P41 -> 25.826376 | AF41: =R41*'IAA digestibility'!R41 -> 8.357634 | AH41: =(V41/$F41)*1000 -> 0.88046 | AI41: =(W41/$F41)*1000 -> 21.1299 | AJ41: =(X41/$F41)*1000 -> 32.674 | AK41: =(Y41/$F41)*1000 -> 148.697 | AL41: =(Z41/$F41)*1000 -> 0.25156 | AM41: =((AA41+AB41)/$F41)*1000 -> 19.61 | AN41: =((AC41+AD41)/$F41)*1000 -> 85.8262 | AO41: =(AE41/$F41)*1000 -> 29.0184 | AP41: =(AF41/$F41)*1000 -> 9.3906
A43: Beet pulp, dried | B43: Roots & tubers | C43: 2 | E43: Standardized Ileal | F43: 89 | G43: 1.1 | H43: 4 | I43: 3.9 | J43: 6.3 | K43: 5.1 | L43: 1.5 | M43: 1 | N43: 4 | O43: 4.1 | P43: 6.1 | Q43: 3.7 | R43: 3.4 | S43: Dried byproduct of sugar manufacture, obtained after extracting the juice from sugar beet roots (Beta vulgaris L.). Other name: sugar beet pulp. | V43: =G43*'IAA digestibility'!G43 -> 0.451 | W43: =H43*'IAA digestibility'!H43 -> 1.24 | X43: =I43*'IAA digestibility'!I43 -> 2.301 | Y43: =J43*'IAA digestibility'!J43 -> 3.717 | Z43: =K43*'IAA digestibility'!K43 -> 2.55 | AA43: =L43*'IAA digestibility'!L43 -> 0.915 | AB43: =M43*'IAA digestibility'!M43 -> 0.22 | AC43: =N43*'IAA digestibility'!N43 -> 2.08 | ... AE43: =P43*'IAA digestibility'!P43 -> 2.562 | AF43: =R43*'IAA digestibility'!R43 -> 2.074 | AH43: =(V43/$F43)*1000 -> 5.0674157 | AI43: =(W43/$F43)*1000 -> 13.932584 | AJ43: =(X43/$F43)*1000 -> 25.853933 | AK43: =(Y43/$F43)*1000 -> 41.764045 | AL43: =(Z43/$F43)*1000 -> 28.651685 | AM43: =((AA43+AB43)/$F43)*1000 -> 12.752809 | AN43: =((AC43+AD43)/$F43)*1000 -> 47.786517 | AO43: =(AE43/$F43)*1000 -> 28.786517 | AP43: =(AF43/$F43)*1000 -> 23.303371
A44: Beet pulp, pressed | B44: Roots & tubers | C44: 2 | E44: Standardized Ileal | F44: 87 | G44: 0.9 | H44: 3.9 | I44: 3.8 | J44: 6.1 | K44: 5 | L44: 1.4 | M44: 1 | N44: 3.9 | O44: 4.7 | P44: 6 | Q44: 3.6 | R44: 3.3 | S44: Humid byproduct of sugar manufacture, obtained after extracting the juice from sugar beet roots (Beta vulgaris L.). The resulting solids are pressed to reduce water content down to 70-80%. | V44: =G44*'IAA digestibility'!G44 -> 0.369 | W44: =H44*'IAA digestibility'!H44 -> 1.209 | X44: =I44*'IAA digestibility'!I44 -> 2.242 | Y44: =J44*'IAA digestibility'!J44 -> 3.599 | Z44: =K44*'IAA digestibility'!K44 -> 2.5 | AA44: =L44*'IAA digestibility'!L44 -> 0.854 | AB44: =M44*'IAA digestibility'!M44 -> 0.22 | AC44: =N44*'IAA digestibility'!N44 -> 2.028 | ... AE44: =P44*'IAA digestibility'!P44 -> 2.52 | AF44: =R44*'IAA digestibility'!R44 -> 2.013 | AH44: =(V44/$F44)*1000 -> 4.2413793 | AI44: =(W44/$F44)*1000 -> 13.896552 | AJ44: =(X44/$F44)*1000 -> 25.770115 | AK44: =(Y44/$F44)*1000 -> 41.367816 | AL44: =(Z44/$F44)*1000 -> 28.735632 | AM44: =((AA44+AB44)/$F44)*1000 -> 12.344828 | AN44: =((AC44+AD44)/$F44)*1000 -> 51.942529 | AO44: =(AE44/$F44)*1000 -> 28.965517 | AP44: =(AF44/$F44)*1000 -> 23.137931
A45: Cassava pulp, dried | B45: Roots & tubers | C45: 2 | E45: Standardized Ileal | F45: 23 | G45: 0.2 | H45: 0.7 | I45: 0.7 | J45: 1.2 | K45: 0.9 | L45: 0.4 | M45: 0.4 | N45: 0.8 | O45: 0.6 | P45: 1 | Q45: 0.8 | R45: 0.7 | S45: Dried cassava pulp is a dried by-product of the extraction of starch from cassava roots (Manihot esculenta Crantz). This is a highly variable product. | V45: =G45*'IAA digestibility'!G45 -> 0.14 | W45: =H45*'IAA digestibility'!H45 -> 0.483 | X45: =I45*'IAA digestibility'!I45 -> 0.532 | Y45: =J45*'IAA digestibility'!J45 -> 0.936 | Z45: =K45*'IAA digestibility'!K45 -> 0.621 | AA45: =L45*'IAA digestibility'!L45 -> 0.32 | AB45: =M45*'IAA digestibility'!M45 -> 0.264 | AC45: =N45*'IAA digestibility'!N45 -> 0.64 | ... AE45: =P45*'IAA digestibility'!P45 -> 0.74 | AF45: =R45*'IAA digestibility'!R45 -> 0.532 | AH45: =(V45/$F45)*1000 -> 6.0869565 | AI45: =(W45/$F45)*1000 -> 21 | AJ45: =(X45/$F45)*1000 -> 23.130435 | AK45: =(Y45/$F45)*1000 -> 40.695652 | AL45: =(Z45/$F45)*1000 -> 27 | AM45: =((AA45+AB45)/$F45)*1000 -> 25.391304 | AN45: =((AC45+AD45)/$F45)*1000 -> 47.913043 | AO45: =(AE45/$F45)*1000 -> 32.173913 | AP45: =(AF45/$F45)*1000 -> 23.130435
A46: Cassava (starch 66-70%) | B46: Roots & tubers | C46: 2 | E46: Standardized Ileal | F46: 29 | G46: 0.2 | H46: 0.9 | I46: 0.9 | J46: 1.5 | K46: 1.1 | L46: 0.5 | M46: 0.5 | N46: 1 | O46: 0.7 | P46: 1.3 | Q46: 1.1 | R46: 1.2 | V46: =G46*'IAA digestibility'!G46 -> 0.168 | W46: =H46*'IAA digestibility'!H46 -> 0.621 | X46: =I46*'IAA digestibility'!I46 -> 0.261 | Y46: =J46*'IAA digestibility'!J46 -> 1.125 | Z46: =K46*'IAA digestibility'!K46 -> 0.704 | AA46: =L46*'IAA digestibility'!L46 -> 0.41 | AB46: =M46*'IAA digestibility'!M46 -> 0.38 | AC46: =N46*'IAA digestibility'!N46 -> 0.62 | ... AE46: =P46*'IAA digestibility'!P46 -> 0.962 | AF46: =R46*'IAA digestibility'!R46 -> 0.912 | AH46: =(V46/$F46)*1000 -> 5.7931034 | AI46: =(W46/$F46)*1000 -> 21.413793 | AJ46: =(X46/$F46)*1000 -> 9 | AK46: =(Y46/$F46)*1000 -> 38.793103 | AL46: =(Z46/$F46)*1000 -> 24.275862 | AM46: =((AA46+AB46)/$F46)*1000 -> 27.241379 | AN46: =((AC46+AD46)/$F46)*1000 -> 37.310345 | AO46: =(AE46/$F46)*1000 -> 33.172414 | AP46: =(AF46/$F46)*1000 -> 31.448276
A47: Cassava, starch 70-74% | B47: Roots & tubers | C47: 2 | E47: Standardized Ileal | F47: 28 | G47: 0.2 | H47: 0.8 | I47: 0.8 | J47: 1.5 | K47: 1.1 | L47: 0.5 | M47: 0.5 | N47: 1 | O47: 0.7 | P47: 1.2 | Q47: 1.1 | R47: 1.2 | S47: Dried cassava roots (Manihot esculenta Crantz), containing 70-74% starch (as fed). Cassava roots are usually provided as chips, pellets or meal (ground chips). | V47: =G47*'IAA digestibility'!G47 -> 0.17 | W47: =H47*'IAA digestibility'!H47 -> 0.552 | X47: =I47*'IAA digestibility'!I47 -> 0.232 | Y47: =J47*'IAA digestibility'!J47 -> 1.125 | Z47: =K47*'IAA digestibility'!K47 -> 0.704 | AA47: =L47*'IAA digestibility'!L47 -> 0.41 | AB47: =M47*'IAA digestibility'!M47 -> 0.38 | AC47: =N47*'IAA digestibility'!N47 -> 0.62 | ... AE47: =P47*'IAA digestibility'!P47 -> 0.888 | AF47: =R47*'IAA digestibility'!R47 -> 0.912 | AH47: =(V47/$F47)*1000 -> 6.0714286 | AI47: =(W47/$F47)*1000 -> 19.714286 | AJ47: =(X47/$F47)*1000 -> 8.2857143 | AK47: =(Y47/$F47)*1000 -> 40.178571 | AL47: =(Z47/$F47)*1000 -> 25.142857 | AM47: =((AA47+AB47)/$F47)*1000 -> 28.214286 | AN47: =((AC47+AD47)/$F47)*1000 -> 38.642857 | AO47: =(AE47/$F47)*1000 -> 31.714286 | AP47: =(AF47/$F47)*1000 -> 32.571429
A48: Chicory pulp, dehydrated | B48: Roots & tubers | C48: 2 | E48: Standardized Ileal | F48: 87 | G48: 1.4 | H48: 3.4 | I48: 3.5 | J48: 5.9 | K48: 3.7 | L48: 1 | M48: 0.6 | N48: 3.7 | O48: 2.6 | P48: 3.9 | Q48: 3.6 | R48: 1.5 | S48: Byproduct of the extraction of fructose and inuline from chicory roots (Cichorium intybus L.). | V48: =G48*'IAA digestibility'!G48 -> 0.994 | W48: =H48*'IAA digestibility'!H48 -> 2.38 | X48: =I48*'IAA digestibility'!I48 -> 2.66 | Y48: =J48*'IAA digestibility'!J48 -> 4.602 | Z48: =K48*'IAA digestibility'!K48 -> 2.553 | AA48: =L48*'IAA digestibility'!L48 -> 0.8 | AB48: =M48*'IAA digestibility'!M48 -> 0.402 | AC48: =N48*'IAA digestibility'!N48 -> 2.96 | ... AE48: =P48*'IAA digestibility'!P48 -> 2.886 | AF48: =R48*'IAA digestibility'!R48 -> 1.14 | AH48: =(V48/$F48)*1000 -> 11.425287 | AI48: =(W48/$F48)*1000 -> 27.356322 | AJ48: =(X48/$F48)*1000 -> 30.574713 | AK48: =(Y48/$F48)*1000 -> 52.896552 | AL48: =(Z48/$F48)*1000 -> 29.344828 | AM48: =((AA48+AB48)/$F48)*1000 -> 13.816092 | AN48: =((AC48+AD48)/$F48)*1000 -> 57.034483 | AO48: =(AE48/$F48)*1000 -> 33.172414 | AP48: =(AF48/$F48)*1000 -> 13.103448
A49: Potato protein concentrate | B49: Roots & tubers | C49: 2 | E49: Standardized Ileal | F49: 841 | G49: 11.7 | H49: 47.2 | I49: 47 | J49: 84.3 | K49: 64.2 | L49: 18.5 | M49: 11.4 | N49: 52.6 | O49: 44.6 | P49: 55.1 | Q49: 42.3 | R49: 17.9 | S49: Dried byproduct of starch manufacture from potato tubers (Solanum tuberosum L.) consisting mainly of protein substances obtained after the separation of starch. | V49: =G49*'IAA digestibility'!G49 -> 8.775 | W49: =H49*'IAA digestibility'!H49 -> 42.48 | X49: =I49*'IAA digestibility'!I49 -> 41.83 | Y49: =J49*'IAA digestibility'!J49 -> 76.713 | Z49: =K49*'IAA digestibility'!K49 -> 57.138 | AA49: =L49*'IAA digestibility'!L49 -> 16.835 | AB49: =M49*'IAA digestibility'!M49 -> 8.892 | AC49: =N49*'IAA digestibility'!N49 -> 47.866 | ... AE49: =P49*'IAA digestibility'!P49 -> 49.039 | AF49: =R49*'IAA digestibility'!R49 -> 15.931 | AH49: =(V49/$F49)*1000 -> 10.434007 | AI49: =(W49/$F49)*1000 -> 50.511296 | AJ49: =(X49/$F49)*1000 -> 49.738407 | AK49: =(Y49/$F49)*1000 -> 91.216409 | AL49: =(Z49/$F49)*1000 -> 67.940547 | AM49: =((AA49+AB49)/$F49)*1000 -> 30.590963 | AN49: =((AC49+AD49)/$F49)*1000 -> 104.11415 | AO49: =(AE49/$F49)*1000 -> 58.310345 | AP49: =(AF49/$F49)*1000 -> 18.942925
A50: Potato pulp, dried | B50: Roots & tubers | C50: 2 | E50: Standardized Ileal | F50: 54 | G50: 0.2 | H50: 0.7 | I50: 0.2 | J50: 2.3 | K50: 0.7 | L50: 0.3 | M50: 0.7 | N50: 0.5 | O50: 1.2 | P50: 1.4 | Q50: 1 | R50: 0.5 | S50: Dried byproduct of the processing (particularly starch manufacture) of potato tubers (Solanum tuberosum L.). | V50: =G50*'IAA digestibility'!G50 -> 0.15 | W50: =H50*'IAA digestibility'!H50 -> 0.518 | X50: =I50*'IAA digestibility'!I50 -> 0.158 | Y50: =J50*'IAA digestibility'!J50 -> 1.863 | Z50: =K50*'IAA digestibility'!K50 -> 0.518 | AA50: =L50*'IAA digestibility'!L50 -> 0.246 | AB50: =M50*'IAA digestibility'!M50 -> 0.497 | AC50: =N50*'IAA digestibility'!N50 -> 0.41 | ... AE50: =P50*'IAA digestibility'!P50 -> 1.078 | AF50: =R50*'IAA digestibility'!R50 -> 0.4 | AH50: =(V50/$F50)*1000 -> 2.7777778 | AI50: =(W50/$F50)*1000 -> 9.5925926 | AJ50: =(X50/$F50)*1000 -> 2.9259259 | AK50: =(Y50/$F50)*1000 -> 34.5 | AL50: =(Z50/$F50)*1000 -> 9.5925926 | AM50: =((AA50+AB50)/$F50)*1000 -> 13.759259 | AN50: =((AC50+AD50)/$F50)*1000 -> 25.37037 | AO50: =(AE50/$F50)*1000 -> 19.962963 | AP50: =(AF50/$F50)*1000 -> 7.4074074
A51: Potato tuber, dried | B51: Roots & tubers | C51: 2 | E51: Standardized Ileal | F51: 103 | G51: 0.9 | H51: 3.6 | I51: 3.2 | J51: 5.1 | K51: 4.6 | L51: 1.4 | M51: 1.4 | N51: 3.7 | O51: 3.9 | P51: 4.8 | Q51: 3.5 | R51: 1.6 | S51: Dried whole potato tuber (Solanum tuberosum L.). These are cull potatoes from potato production and potato processing industries. | V51: =G51*'IAA digestibility'!G51 -> 0.765 | W51: =H51*'IAA digestibility'!H51 -> 3.024 | X51: =I51*'IAA digestibility'!I51 -> 2.752 | Y51: =J51*'IAA digestibility'!J51 -> 4.488 | Z51: =K51*'IAA digestibility'!K51 -> 3.956 | AA51: =L51*'IAA digestibility'!L51 -> 1.232 | AB51: =M51*'IAA digestibility'!M51 -> 1.176 | AC51: =N51*'IAA digestibility'!N51 -> 3.256 | ... AE51: =P51*'IAA digestibility'!P51 -> 4.08 | AF51: =R51*'IAA digestibility'!R51 -> 1.408 | AH51: =(V51/$F51)*1000 -> 7.4271845 | AI51: =(W51/$F51)*1000 -> 29.359223 | AJ51: =(X51/$F51)*1000 -> 26.718447 | AK51: =(Y51/$F51)*1000 -> 43.572816 | AL51: =(Z51/$F51)*1000 -> 38.407767 | AM51: =((AA51+AB51)/$F51)*1000 -> 23.378641 | AN51: =((AC51+AD51)/$F51)*1000 -> 64.932039 | AO51: =(AE51/$F51)*1000 -> 39.61165 | AP51: =(AF51/$F51)*1000 -> 13.669903
A52: Potato crisps | B52: Roots & tubers | C52: 1 | E52: Standardized Ileal | F52: 59 | G52: 0.5 | H52: 2.3 | I52: 2.2 | J52: 3.6 | K52: 3.2 | L52: 0.8 | M52: 0.8 | N52: 2.3 | O52: 1.9 | P52: 3.1 | Q52: 1.8 | R52: 1 | V52: =G52*'IAA digestibility'!G52 -> 0.235 | W52: =H52*'IAA digestibility'!H52 -> 1.081 | X52: =I52*'IAA digestibility'!I52 -> 0.968 | Y52: =J52*'IAA digestibility'!J52 -> 1.692 | Z52: =K52*'IAA digestibility'!K52 -> 1.536 | AA52: =L52*'IAA digestibility'!L52 -> 0.328 | AB52: =M52*'IAA digestibility'!M52 -> 0.376 | AC52: =N52*'IAA digestibility'!N52 -> 1.081 | ... AE52: =P52*'IAA digestibility'!P52 -> 1.457 | AF52: =R52*'IAA digestibility'!R52 -> 0.42 | AH52: =(V52/$F52)*1000 -> 3.9830508 | AI52: =(W52/$F52)*1000 -> 18.322034 | AJ52: =(X52/$F52)*1000 -> 16.40678 | AK52: =(Y52/$F52)*1000 -> 28.677966 | AL52: =(Z52/$F52)*1000 -> 26.033898 | AM52: =((AA52+AB52)/$F52)*1000 -> 11.932203 | AN52: =((AC52+AD52)/$F52)*1000 -> 33.457627 | AO52: =(AE52/$F52)*1000 -> 24.694915 | AP52: =(AF52/$F52)*1000 -> 7.1186441
A53: Potato fries (fat 4-12%) | B53: Roots & tubers | C53: 1,19 | E53: Standardized Ileal | F53: 70 | G53: 0.6 | H53: 2.7 | I53: 2.6 | J53: 4.3 | K53: 3.8 | L53: 1 | M53: 0.9 | N53: 2.7 | O53: 2.3 | P53: 3.7 | Q53: 2.2 | R53: 1.2 | V53: =G53*'IAA digestibility'!G53 -> 0.282 | W53: =H53*'IAA digestibility'!H53 -> 1.404 | X53: =I53*'IAA digestibility'!I53 -> 1.326 | Y53: =J53*'IAA digestibility'!J53 -> 2.236 | Z53: =K53*'IAA digestibility'!K53 -> 1.938 | AA53: =L53*'IAA digestibility'!L53 -> 0.47 | AB53: =M53*'IAA digestibility'!M53 -> 0.468 | AC53: =N53*'IAA digestibility'!N53 -> 1.404 | ... AE53: =P53*'IAA digestibility'!P53 -> 1.924 | AF53: =R53*'IAA digestibility'!R53 -> 0.564 | AH53: =(V53/$F53)*1000 -> 4.0285714 | AI53: =(W53/$F53)*1000 -> 20.057143 | AJ53: =(X53/$F53)*1000 -> 18.942857 | AK53: =(Y53/$F53)*1000 -> 31.942857 | AL53: =(Z53/$F53)*1000 -> 27.685714 | AM53: =((AA53+AB53)/$F53)*1000 -> 13.4 | AN53: =((AC53+AD53)/$F53)*1000 -> 36.157143 | AO53: =(AE53/$F53)*1000 -> 27.485714 | AP53: =(AF53/$F53)*1000 -> 8.0571429
A54: Potato fries (fat 12-18%) | B54: Roots & tubers | C54: 1,19 | E54: Standardized Ileal | F54: 72 | G54: 0.6 | H54: 2.8 | I54: 2.7 | J54: 4.4 | K54: 3.9 | L54: 1 | M54: 0.9 | N54: 2.8 | O54: 2.4 | P54: 3.7 | Q54: 2.2 | R54: 1.2 | V54: =G54*'IAA digestibility'!G54 -> 0.282 | W54: =H54*'IAA digestibility'!H54 -> 1.456 | X54: =I54*'IAA digestibility'!I54 -> 1.377 | Y54: =J54*'IAA digestibility'!J54 -> 2.2 | Z54: =K54*'IAA digestibility'!K54 -> 2.028 | AA54: =L54*'IAA digestibility'!L54 -> 0.47 | AB54: =M54*'IAA digestibility'!M54 -> 0.468 | AC54: =N54*'IAA digestibility'!N54 -> 1.456 | ... AE54: =P54*'IAA digestibility'!P54 -> 1.924 | AF54: =R54*'IAA digestibility'!R54 -> 0.564 | AH54: =(V54/$F54)*1000 -> 3.9166667 | AI54: =(W54/$F54)*1000 -> 20.222222 | AJ54: =(X54/$F54)*1000 -> 19.125 | AK54: =(Y54/$F54)*1000 -> 30.555556 | AL54: =(Z54/$F54)*1000 -> 28.166667 | AM54: =((AA54+AB54)/$F54)*1000 -> 13.027778 | AN54: =((AC54+AD54)/$F54)*1000 -> 37.888889 | AO54: =(AE54/$F54)*1000 -> 26.722222 | AP54: =(AF54/$F54)*1000 -> 7.8333333
A55: Potato fries (fat >18%) | B55: Roots & tubers | C55: 1 | E55: Standardized Ileal | F55: 64 | G55: 0.6 | H55: 2.5 | I55: 2.4 | J55: 3.9 | K55: 3.5 | L55: 0.9 | M55: 0.8 | N55: 2.5 | O55: 2.1 | P55: 3.3 | Q55: 2 | R55: 1.1 | V55: =G55*'IAA digestibility'!G55 -> 0.282 | W55: =H55*'IAA digestibility'!H55 -> 1.2 | X55: =I55*'IAA digestibility'!I55 -> 1.272 | Y55: =J55*'IAA digestibility'!J55 -> 1.95 | Z55: =K55*'IAA digestibility'!K55 -> 1.82 | AA55: =L55*'IAA digestibility'!L55 -> 0.468 | AB55: =M55*'IAA digestibility'!M55 -> 0.416 | AC55: =N55*'IAA digestibility'!N55 -> 1.275 | ... AE55: =P55*'IAA digestibility'!P55 -> 1.683 | AF55: =R55*'IAA digestibility'!R55 -> 0.561 | AH55: =(V55/$F55)*1000 -> 4.40625 | AI55: =(W55/$F55)*1000 -> 18.75 | AJ55: =(X55/$F55)*1000 -> 19.875 | AK55: =(Y55/$F55)*1000 -> 30.46875 | AL55: =(Z55/$F55)*1000 -> 28.4375 | AM55: =((AA55+AB55)/$F55)*1000 -> 13.8125 | AN55: =((AC55+AD55)/$F55)*1000 -> 36.65625 | AO55: =(AE55/$F55)*1000 -> 26.296875 | AP55: =(AF55/$F55)*1000 -> 8.765625
A56: Potato (dehydrated) | B56: Roots & tubers | C56: 1,19 | E56: Standardized Ileal | F56: 93 | G56: 1.4 | H56: 3.7 | I56: 4.4 | J56: 6.4 | K56: 4.8 | L56: 1.6 | M56: 1.4 | N56: 4 | O56: 3.6 | P56: 4.7 | Q56: 4.8 | R56: 1.6 | V56: =G56*'IAA digestibility'!G56 -> 0.658 | W56: =H56*'IAA digestibility'!H56 -> 2.294 | X56: =I56*'IAA digestibility'!I56 -> 2.464 | Y56: =J56*'IAA digestibility'!J56 -> 3.584 | Z56: =K56*'IAA digestibility'!K56 -> 2.976 | AA56: =L56*'IAA digestibility'!L56 -> 1.056 | AB56: =M56*'IAA digestibility'!M56 -> 0.756 | AC56: =N56*'IAA digestibility'!N56 -> 2.28 | ... AE56: =P56*'IAA digestibility'!P56 -> 2.726 | AF56: =R56*'IAA digestibility'!R56 -> 0.848 | AH56: =(V56/$F56)*1000 -> 7.0752688 | AI56: =(W56/$F56)*1000 -> 24.666667 | AJ56: =(X56/$F56)*1000 -> 26.494624 | AK56: =(Y56/$F56)*1000 -> 38.537634 | AL56: =(Z56/$F56)*1000 -> 32 | AM56: =((AA56+AB56)/$F56)*1000 -> 19.483871 | AN56: =((AC56+AD56)/$F56)*1000 -> 46.967742 | AO56: =(AE56/$F56)*1000 -> 29.311828 | AP56: =(AF56/$F56)*1000 -> 9.1182796
A57: Potato peelings, steamed, starch <35%) | B57: Roots & tubers | C57: 1,19 | E57: Standardized Ileal | F57: 156 | G57: 1.6 | H57: 5.9 | I57: 5.6 | J57: 9.7 | K57: 8.6 | L57: 2.2 | M57: 1.9 | N57: 6.2 | O57: 5.6 | P57: 7.5 | Q57: 5.3 | R57: 2.6 | V57: =G57*'IAA digestibility'!G57 -> 0.816 | W57: =H57*'IAA digestibility'!H57 -> 3.658 | X57: =I57*'IAA digestibility'!I57 -> 3.248 | Y57: =J57*'IAA digestibility'!J57 -> 5.626 | Z57: =K57*'IAA digestibility'!K57 -> 5.418 | AA57: =L57*'IAA digestibility'!L57 -> 1.496 | AB57: =M57*'IAA digestibility'!M57 -> 0.931 | AC57: =N57*'IAA digestibility'!N57 -> 3.534 | ... AE57: =P57*'IAA digestibility'!P57 -> 4.35 | AF57: =R57*'IAA digestibility'!R57 -> 1.482 | AH57: =(V57/$F57)*1000 -> 5.2307692 | AI57: =(W57/$F57)*1000 -> 23.448718 | AJ57: =(X57/$F57)*1000 -> 20.820513 | AK57: =(Y57/$F57)*1000 -> 36.064103 | AL57: =(Z57/$F57)*1000 -> 34.730769 | AM57: =((AA57+AB57)/$F57)*1000 -> 15.557692 | AN57: =((AC57+AD57)/$F57)*1000 -> 43.115385 | AO57: =(AE57/$F57)*1000 -> 27.884615 | AP57: =(AF57/$F57)*1000 -> 9.5
A58: Potato peelings, steamed, starch 35-47,5%) | B58: Roots & tubers | C58: 1,19 | E58: Standardized Ileal | F58: 135 | G58: 1.4 | H58: 5.1 | I58: 4.9 | J58: 8.4 | K58: 7.4 | L58: 1.9 | M58: 1.6 | N58: 5.4 | O58: 4.9 | P58: 6.5 | Q58: 4.6 | R58: 2.3 | V58: =G58*'IAA digestibility'!G58 -> 0.658 | W58: =H58*'IAA digestibility'!H58 -> 3.162 | X58: =I58*'IAA digestibility'!I58 -> 2.842 | Y58: =J58*'IAA digestibility'!J58 -> 4.872 | Z58: =K58*'IAA digestibility'!K58 -> 4.736 | AA58: =L58*'IAA digestibility'!L58 -> 1.33 | AB58: =M58*'IAA digestibility'!M58 -> 0.8 | AC58: =N58*'IAA digestibility'!N58 -> 3.132 | ... AE58: =P58*'IAA digestibility'!P58 -> 3.77 | AF58: =R58*'IAA digestibility'!R58 -> 1.403 | AH58: =(V58/$F58)*1000 -> 4.8740741 | AI58: =(W58/$F58)*1000 -> 23.422222 | AJ58: =(X58/$F58)*1000 -> 21.051852 | AK58: =(Y58/$F58)*1000 -> 36.088889 | AL58: =(Z58/$F58)*1000 -> 35.081481 | AM58: =((AA58+AB58)/$F58)*1000 -> 15.777778 | AN58: =((AC58+AD58)/$F58)*1000 -> 43.525926 | AO58: =(AE58/$F58)*1000 -> 27.925926 | AP58: =(AF58/$F58)*1000 -> 10.392593
A59: Potato peelings, steamed, starch 47,5-60%) | B59: Roots & tubers | C59: 1,19 | E59: Standardized Ileal | F59: 115 | G59: 1.1 | H59: 4.4 | I59: 4.1 | J59: 7.1 | K59: 6.3 | L59: 1.6 | M59: 1.4 | N59: 4.6 | O59: 4.1 | P59: 5.5 | Q59: 3.9 | R59: 1.9 | V59: =G59*'IAA digestibility'!G59 -> 0.517 | W59: =H59*'IAA digestibility'!H59 -> 2.772 | X59: =I59*'IAA digestibility'!I59 -> 2.419 | Y59: =J59*'IAA digestibility'!J59 -> 4.047 | Z59: =K59*'IAA digestibility'!K59 -> 3.906 | AA59: =L59*'IAA digestibility'!L59 -> 1.024 | AB59: =M59*'IAA digestibility'!M59 -> 0.658 | AC59: =N59*'IAA digestibility'!N59 -> 2.668 | ... AE59: =P59*'IAA digestibility'!P59 -> 3.135 | AF59: =R59*'IAA digestibility'!R59 -> 1.102 | AH59: =(V59/$F59)*1000 -> 4.4956522 | AI59: =(W59/$F59)*1000 -> 24.104348 | AJ59: =(X59/$F59)*1000 -> 21.034783 | AK59: =(Y59/$F59)*1000 -> 35.191304 | AL59: =(Z59/$F59)*1000 -> 33.965217 | AM59: =((AA59+AB59)/$F59)*1000 -> 14.626087 | AN59: =((AC59+AD59)/$F59)*1000 -> 43.521739 | AO59: =(AE59/$F59)*1000 -> 27.26087 | AP59: =(AF59/$F59)*1000 -> 9.5826087
A60: Potato peelings, steamed, starch >60%) | B60: Roots & tubers | C60: 1,19 | E60: Standardized Ileal | F60: 102 | G60: 1 | H60: 3.9 | I60: 3.7 | J60: 6.3 | K60: 5.6 | L60: 1.4 | M60: 1.2 | N60: 4.1 | O60: 3.7 | P60: 4.9 | Q60: 3.5 | R60: 1.7 | V60: =G60*'IAA digestibility'!G60 -> 0.52 | W60: =H60*'IAA digestibility'!H60 -> 2.379 | X60: =I60*'IAA digestibility'!I60 -> 2.072 | Y60: =J60*'IAA digestibility'!J60 -> 3.717 | Z60: =K60*'IAA digestibility'!K60 -> 3.528 | AA60: =L60*'IAA digestibility'!L60 -> 0.868 | AB60: =M60*'IAA digestibility'!M60 -> 0.612 | AC60: =N60*'IAA digestibility'!N60 -> 2.296 | ... AE60: =P60*'IAA digestibility'!P60 -> 2.842 | AF60: =R60*'IAA digestibility'!R60 -> 0.952 | AH60: =(V60/$F60)*1000 -> 5.0980392 | AI60: =(W60/$F60)*1000 -> 23.323529 | AJ60: =(X60/$F60)*1000 -> 20.313725 | AK60: =(Y60/$F60)*1000 -> 36.441176 | AL60: =(Z60/$F60)*1000 -> 34.588235 | AM60: =((AA60+AB60)/$F60)*1000 -> 14.509804 | AN60: =((AC60+AD60)/$F60)*1000 -> 43.54902 | AO60: =(AE60/$F60)*1000 -> 27.862745 | AP60: =(AF60/$F60)*1000 -> 9.3333333
A61: Potato (sweet, dehydrated) | B61: Roots & tubers | C61: 1,19 | E61: Standardized Ileal | F61: 40 | G61: 0.4 | H61: 1.3 | I61: 1.2 | J61: 2.2 | K61: 1.6 | L61: 0.6 | M61: 0.6 | N61: 1.6 | O61: 1.1 | P61: 1.6 | Q61: 1.6 | R61: 0.6 | V61: =G61*'IAA digestibility'!G61 -> 0.188 | W61: =H61*'IAA digestibility'!H61 -> 0.663 | X61: =I61*'IAA digestibility'!I61 -> 0.66 | Y61: =J61*'IAA digestibility'!J61 -> 1.122 | Z61: =K61*'IAA digestibility'!K61 -> 0.848 | AA61: =L61*'IAA digestibility'!L61 -> 0.384 | AB61: =M61*'IAA digestibility'!M61 -> 0.282 | AC61: =N61*'IAA digestibility'!N61 -> 0.848 | ... AE61: =P61*'IAA digestibility'!P61 -> 0.752 | AF61: =R61*'IAA digestibility'!R61 -> 0.282 | AH61: =(V61/$F61)*1000 -> 4.7 | AI61: =(W61/$F61)*1000 -> 16.575 | AJ61: =(X61/$F61)*1000 -> 16.5 | AK61: =(Y61/$F61)*1000 -> 28.05 | AL61: =(Z61/$F61)*1000 -> 21.2 | AM61: =((AA61+AB61)/$F61)*1000 -> 16.65 | AN61: =((AC61+AD61)/$F61)*1000 -> 35.225 | AO61: =(AE61/$F61)*1000 -> 18.8 | AP61: =(AF61/$F61)*1000 -> 7.05
A62: Sweet potato, dried | B62: Roots & tubers | C62: 2 | E62: Standardized Ileal | F62: 51 | G62: 0.9 | H62: 2.4 | I62: 2.1 | J62: 2.7 | K62: 1.9 | L62: 0.6 | M62: 0.8 | N62: 3.1 | O62: 2 | P62: 2.7 | Q62: 1.7 | R62: 1.3 | S62: Dried sweet potato tuber (Ipomea batatas (L.) Lam.). | V62: =G62*'IAA digestibility'!G62 -> 0.756 | W62: =H62*'IAA digestibility'!H62 -> 1.992 | X62: =I62*'IAA digestibility'!I62 -> 1.785 | Y62: =J62*'IAA digestibility'!J62 -> 2.349 | Z62: =K62*'IAA digestibility'!K62 -> 1.615 | AA62: =L62*'IAA digestibility'!L62 -> 0.528 | AB62: =M62*'IAA digestibility'!M62 -> 0.664 | AC62: =N62*'IAA digestibility'!N62 -> 2.728 | ... AE62: =P62*'IAA digestibility'!P62 -> 2.295 | AF62: =R62*'IAA digestibility'!R62 -> 1.131 | AH62: =(V62/$F62)*1000 -> 14.823529 | AI62: =(W62/$F62)*1000 -> 39.058824 | AJ62: =(X62/$F62)*1000 -> 35 | AK62: =(Y62/$F62)*1000 -> 46.058824 | AL62: =(Z62/$F62)*1000 -> 31.666667 | AM62: =((AA62+AB62)/$F62)*1000 -> 23.372549 | AN62: =((AC62+AD62)/$F62)*1000 -> 87.607843 | AO62: =(AE62/$F62)*1000 -> 45 | AP62: =(AF62/$F62)*1000 -> 22.176471
A64: Adzuki bean, cooked (Jihong No.16, Chinese variety),25,5% protein | B64: Legumes & oilseeds | C64: 9 | E64: True ileal | F64: 255 | G64: 2.2 | H64: 6.6 | I64: 7.7 | J64: 21.8 | K64: 13.2 | L64: 3.1 | M64: 3.8 | N64: 7.8 | O64: 4 | P64: 9.2 | Q64: 12.8 | R64: 7.3 | V64: =G64*'IAA digestibility'!G64 -> 1.694 | W64: =H64*'IAA digestibility'!H64 -> 5.7156 | X64: =I64*'IAA digestibility'!I64 -> 6.8222 | Y64: =J64*'IAA digestibility'!J64 -> 20.4702 | Z64: =K64*'IAA digestibility'!K64 -> 11.8668 | AA64: =L64*'IAA digestibility'!L64 -> 2.5854 | AB64: =M64*'IAA digestibility'!M64 -> 2.0102 | AC64: =N64*'IAA digestibility'!N64 -> 6.9732 | ... AE64: =P64*'IAA digestibility'!P64 -> 8.2064 | AF64: =R64*'IAA digestibility'!R64 -> 6.4897 | AH64: =(V64/$F64)*1000 -> 6.6431373 | AI64: =(W64/$F64)*1000 -> 22.414118 | AJ64: =(X64/$F64)*1000 -> 26.753725 | AK64: =(Y64/$F64)*1000 -> 80.275294 | AL64: =(Z64/$F64)*1000 -> 46.536471 | AM64: =((AA64+AB64)/$F64)*1000 -> 18.021961 | AN64: =((AC64+AD64)/$F64)*1000 -> 40.694902 | AO64: =(AE64/$F64)*1000 -> 32.181961 | AP64: =(AF64/$F64)*1000 -> 25.449804
A65: Alfalfa protein concentrate | B65: Legumes & oilseeds | C65: 2 | E65: Standardized Ileal | F65: 566 | G65: 8.7 | H65: 27.2 | I65: 28.6 | J65: 50.1 | K65: 34.2 | L65: 11.6 | M65: 5.4 | N65: 33.7 | O65: 24.2 | P65: 33.9 | Q65: 34 | R65: 14.3 | S65: Protein concentrate obtained by pressing the aerial part of alfalfa (Medicago sativa L.). In one commercial process, fresh alfalfa is first pressed to obtain a green juice. This juice is then heated and steamed to produce a protein coagulate. This coagulate is separated from the liquid by centrifugation, and then dried. Alfalfa protein concentrate is used for its high content in protein and pigments (caroten, xanthophylls). | V65: =G65*'IAA digestibility'!G65 -> 6.873 | W65: =H65*'IAA digestibility'!H65 -> 21.488 | X65: =I65*'IAA digestibility'!I65 -> 23.452 | Y65: =J65*'IAA digestibility'!J65 -> 42.084 | Z65: =K65*'IAA digestibility'!K65 -> 27.36 | AA65: =L65*'IAA digestibility'!L65 -> 9.86 | AB65: =M65*'IAA digestibility'!M65 -> 4.212 | AC65: =N65*'IAA digestibility'!N65 -> 28.645 | ... AE65: =P65*'IAA digestibility'!P65 -> 27.459 | AF65: =R65*'IAA digestibility'!R65 -> 12.012 | AH65: =(V65/$F65)*1000 -> 12.14311 | AI65: =(W65/$F65)*1000 -> 37.964664 | AJ65: =(X65/$F65)*1000 -> 41.434629 | AK65: =(Y65/$F65)*1000 -> 74.353357 | AL65: =(Z65/$F65)*1000 -> 48.339223 | AM65: =((AA65+AB65)/$F65)*1000 -> 24.862191 | AN65: =((AC65+AD65)/$F65)*1000 -> 86.524735 | AO65: =(AE65/$F65)*1000 -> 48.514134 | AP65: =(AF65/$F65)*1000 -> 21.222615
A66: Alfalfa, dehydrated, protein 16-18% dry matter | B66: Legumes & oilseeds | C66: 2 | E66: Standardized Ileal | F66: 170 | G66: 2.4 | H66: 6.1 | I66: 6.5 | J66: 11.5 | K66: 7.2 | L66: 1.7 | M66: 2.2 | N66: 7.3 | O66: 4.8 | P66: 10.3 | Q66: 6.3 | R66: 2.3 | S66: Dehydrated aerial part of alfalfa (Medicago sativa L.), containing between 16% and 18% protein (in dry matter). | V66: =G66*'IAA digestibility'!G66 -> 1.104 | W66: =H66*'IAA digestibility'!H66 -> 3.843 | X66: =I66*'IAA digestibility'!I66 -> 4.42 | Y66: =J66*'IAA digestibility'!J66 -> 8.28 | Z66: =K66*'IAA digestibility'!K66 -> 3.96 | AA66: =L66*'IAA digestibility'!L66 -> 1.275 | AB66: =M66*'IAA digestibility'!M66 -> 0.77 | AC66: =N66*'IAA digestibility'!N66 -> 5.256 | ... AE66: =P66*'IAA digestibility'!P66 -> 6.901 | AF66: =R66*'IAA digestibility'!R66 -> 1.311 | AH66: =(V66/$F66)*1000 -> 6.4941176 | AI66: =(W66/$F66)*1000 -> 22.605882 | AJ66: =(X66/$F66)*1000 -> 26 | AK66: =(Y66/$F66)*1000 -> 48.705882 | AL66: =(Z66/$F66)*1000 -> 23.294118 | AM66: =((AA66+AB66)/$F66)*1000 -> 12.029412 | AN66: =((AC66+AD66)/$F66)*1000 -> 49.552941 | AO66: =(AE66/$F66)*1000 -> 40.594118 | AP66: =(AF66/$F66)*1000 -> 7.7117647
A67: Alfalfa, dehydrated, protein > 25% dry matter | B67: Legumes & oilseeds | C67: 2 | E67: Standardized Ileal | F67: 264 | G67: 3.9 | H67: 11.1 | I67: 11.7 | J67: 20.7 | K67: 13.6 | L67: 4.1 | M67: 3 | N67: 13.6 | O67: 9.4 | P67: 15.9 | Q67: 12.9 | R67: 5.1 | S67: Dehydrated aerial part of alfalfa (Medicago sativa L.) containing more than 25% protein (in dry matter). | V67: =G67*'IAA digestibility'!G67 -> 1.794 | W67: =H67*'IAA digestibility'!H67 -> 7.992 | X67: =I67*'IAA digestibility'!I67 -> 8.775 | Y67: =J67*'IAA digestibility'!J67 -> 15.939 | Z67: =K67*'IAA digestibility'!K67 -> 9.792 | AA67: =L67*'IAA digestibility'!L67 -> 3.198 | AB67: =M67*'IAA digestibility'!M67 -> 1.05 | AC67: =N67*'IAA digestibility'!N67 -> 10.2 | ... AE67: =P67*'IAA digestibility'!P67 -> 11.448 | AF67: =R67*'IAA digestibility'!R67 -> 3.468 | AH67: =(V67/$F67)*1000 -> 6.7954545 | AI67: =(W67/$F67)*1000 -> 30.272727 | AJ67: =(X67/$F67)*1000 -> 33.238636 | AK67: =(Y67/$F67)*1000 -> 60.375 | AL67: =(Z67/$F67)*1000 -> 37.090909 | AM67: =((AA67+AB67)/$F67)*1000 -> 16.090909 | AN67: =((AC67+AD67)/$F67)*1000 -> 65.69697 | AO67: =(AE67/$F67)*1000 -> 43.363636 | AP67: =(AF67/$F67)*1000 -> 13.136364
A68: Broad beans, cooked (Qingcan No.14, Chinese variety), 29,7% protein | B68: Legumes & oilseeds | C68: 9 | E68: True ileal | F68: 297 | G68: 2.1 | H68: 9.3 | I68: 10.5 | J68: 29 | K68: 16.8 | L68: 2.1 | M68: 6.7 | N68: 8.3 | O68: 5.8 | P68: 11.4 | Q68: 27.5 | R68: 8.1 | V68: =G68*'IAA digestibility'!G68 -> 1.7535 | W68: =H68*'IAA digestibility'!H68 -> 8.2956 | X68: =I68*'IAA digestibility'!I68 -> 9.66 | Y68: =J68*'IAA digestibility'!J68 -> 27.695 | Z68: =K68*'IAA digestibility'!K68 -> 15.6072 | AA68: =L68*'IAA digestibility'!L68 -> 1.7493 | AB68: =M68*'IAA digestibility'!M68 -> 4.5426 | AC68: =N68*'IAA digestibility'!N68 -> 7.5862 | ... AE68: =P68*'IAA digestibility'!P68 -> 10.3854 | AF68: =R68*'IAA digestibility'!R68 -> 6.8769 | AH68: =(V68/$F68)*1000 -> 5.9040404 | AI68: =(W68/$F68)*1000 -> 27.931313 | AJ68: =(X68/$F68)*1000 -> 32.525253 | AK68: =(Y68/$F68)*1000 -> 93.249158 | AL68: =(Z68/$F68)*1000 -> 52.549495 | AM68: =((AA68+AB68)/$F68)*1000 -> 21.184848 | AN68: =((AC68+AD68)/$F68)*1000 -> 42.825589 | AO68: =(AE68/$F68)*1000 -> 34.967677 | AP68: =(AF68/$F68)*1000 -> 23.154545
A69: Chickpea, kabuli type (Cicer arietinum L.) | B69: Legumes & oilseeds | C69: 2 | E69: Standardized Ileal | F69: 213 | G69: 2 | H69: 7.6 | I69: 8.3 | J69: 15.6 | K69: 14.4 | L69: 2.6 | M69: 2.6 | N69: 11.7 | O69: 4.9 | P69: 8.6 | Q69: 17.6 | R69: 5.4 | S69: Kabuli (also called garbanzo) chickpeas are tan-coated and are grown primarily in the Mediterranean area and in South America. They contain less crude fibre than the smaller and dark-coated desi types grown in the Indian subcontinent. | V69: =G69*'IAA digestibility'!G69 -> 1.66 | W69: =H69*'IAA digestibility'!H69 -> 5.852 | X69: =I69*'IAA digestibility'!I69 -> 6.806 | Y69: =J69*'IAA digestibility'!J69 -> 13.416 | Z69: =K69*'IAA digestibility'!K69 -> 13.536 | AA69: =L69*'IAA digestibility'!L69 -> 2.314 | AB69: =M69*'IAA digestibility'!M69 -> 2.314 | AC69: =N69*'IAA digestibility'!N69 -> 10.413 | ... AE69: =P69*'IAA digestibility'!P69 -> 6.966 | AF69: =R69*'IAA digestibility'!R69 -> 4.698 | AH69: =(V69/$F69)*1000 -> 7.7934272 | AI69: =(W69/$F69)*1000 -> 27.474178 | AJ69: =(X69/$F69)*1000 -> 31.953052 | AK69: =(Y69/$F69)*1000 -> 62.985915 | AL69: =(Z69/$F69)*1000 -> 63.549296 | AM69: =((AA69+AB69)/$F69)*1000 -> 21.7277 | AN69: =((AC69+AD69)/$F69)*1000 -> 69.361502 | AO69: =(AE69/$F69)*1000 -> 32.704225 | AP69: =(AF69/$F69)*1000 -> 22.056338
A70: Chickpea, pressure cooked (Kabuli), (Cicer arietinum) garbanzo bean, var KAK-2, India (22,9 g/100 g protein) | B70: Legumes & oilseeds | C70: 17 | E70: True ileal | F70: 229.3 | H70: 15.2 | I70: 10.1 | J70: 15.5 | K70: 14.4 | L70: 2.4 | N70: 13.4 | P70: 9.9 | W70: =H70*'IAA digestibility'!H70 -> 11.02 | X70: =I70*'IAA digestibility'!I70 -> 8.2214 | Y70: =J70*'IAA digestibility'!J70 -> 12.3225 | Z70: =K70*'IAA digestibility'!K70 -> 8.64 | AA70: =L70*'IAA digestibility'!L70 -> 1.7232 | AC70: =N70*'IAA digestibility'!N70 -> 10.8406 | AE70: =P70*'IAA digestibility'!P70 -> 7.5141 | AI70: =(W70/$F70)*1000 -> 48.059311 | AJ70: =(X70/$F70)*1000 -> 35.854339 | AK70: =(Y70/$F70)*1000 -> 53.739642 | AL70: =(Z70/$F70)*1000 -> 37.679895 | AM70: =((AA70+AB70)/$F70)*1000 -> 7.5150458 | AN70: =((AC70+AD70)/$F70)*1000 -> 47.27693 | AO70: =(AE70/$F70)*1000 -> 32.769734
A71: Chickpeas (Xinying No1 Y2-12, Chinese variety), 25,3% protein | B71: Legumes & oilseeds | C71: 9 | E71: True ileal | F71: 253 | G71: 2.2 | H71: 7.3 | I71: 8.4 | J71: 22.7 | K71: 13.1 | L71: 3.1 | M71: 6.8 | N71: 8.9 | O71: 3.8 | P71: 8.6 | Q71: 19.9 | R71: 6.5 | V71: =G71*'IAA digestibility'!G71 -> 1.9118 | W71: =H71*'IAA digestibility'!H71 -> 5.7962 | X71: =I71*'IAA digestibility'!I71 -> 7.1232 | Y71: =J71*'IAA digestibility'!J71 -> 20.4981 | Z71: =K71*'IAA digestibility'!K71 -> 11.4756 | AA71: =L71*'IAA digestibility'!L71 -> 2.6877 | AB71: =M71*'IAA digestibility'!M71 -> 5.2292 | AC71: =N71*'IAA digestibility'!N71 -> 7.5917 | ... AE71: =P71*'IAA digestibility'!P71 -> 7.1724 | AF71: =R71*'IAA digestibility'!R71 -> 4.719 | AH71: =(V71/$F71)*1000 -> 7.5565217 | AI71: =(W71/$F71)*1000 -> 22.909881 | AJ71: =(X71/$F71)*1000 -> 28.154941 | AK71: =(Y71/$F71)*1000 -> 81.020158 | AL71: =(Z71/$F71)*1000 -> 45.358103 | AM71: =((AA71+AB71)/$F71)*1000 -> 31.292095 | AN71: =((AC71+AD71)/$F71)*1000 -> 41.37668 | AO71: =(AE71/$F71)*1000 -> 28.349407 | AP71: =(AF71/$F71)*1000 -> 18.652174
A72: Coconut (extracted) | B72: Legumes & oilseeds | C72: 1 | E72: True ileal | AQ72: AA composition data not reported
A73: Common bean (Phaseolus vulgaris L.) | B73: Legumes & oilseeds | C73: 2 | E73: Standardized Ileal | F73: 249 | G73: 2.8 | H73: 10.7 | I73: 10.9 | J73: 19.9 | K73: 16.4 | L73: 3.3 | M73: 2.5 | N73: 13.5 | O73: 9.3 | P73: 12.8 | Q73: 16.1 | R73: 6.5 | S73: The common bean is known under many names (kidney bean, French bean, navy bean...), depending on the variety. | V73: =G73*'IAA digestibility'!G73 -> 2.296 | W73: =H73*'IAA digestibility'!H73 -> 8.132 | X73: =I73*'IAA digestibility'!I73 -> 7.848 | Y73: =J73*'IAA digestibility'!J73 -> 14.129 | Z73: =K73*'IAA digestibility'!K73 -> 13.94 | AA73: =L73*'IAA digestibility'!L73 -> 2.871 | AB73: =M73*'IAA digestibility'!M73 -> 2.025 | AC73: =N73*'IAA digestibility'!N73 -> 9.99 | ... AE73: =P73*'IAA digestibility'!P73 -> 8.32 | AF73: =R73*'IAA digestibility'!R73 -> 4.29 | AH73: =(V73/$F73)*1000 -> 9.2208835 | AI73: =(W73/$F73)*1000 -> 32.658635 | AJ73: =(X73/$F73)*1000 -> 31.518072 | AK73: =(Y73/$F73)*1000 -> 56.742972 | AL73: =(Z73/$F73)*1000 -> 55.983936 | AM73: =((AA73+AB73)/$F73)*1000 -> 19.662651 | AN73: =((AC73+AD73)/$F73)*1000 -> 65.144578 | AO73: =(AE73/$F73)*1000 -> 33.413655 | AP73: =(AF73/$F73)*1000 -> 17.228916
A74: Common vetch (Vicia sativa L.) | B74: Legumes & oilseeds | C74: 2 | E74: Standardized Ileal | F74: 283 | G74: 2.5 | H74: 9.2 | I74: 10.2 | J74: 17.7 | K74: 15.8 | L74: 3.1 | M74: 3.6 | N74: 11.5 | O74: 6.8 | P74: 14.9 | Q74: 19.3 | R74: 6.9 | V74: =G74*'IAA digestibility'!G74 -> 1.95 | W74: =H74*'IAA digestibility'!H74 -> 7.084 | X74: =I74*'IAA digestibility'!I74 -> 8.262 | Y74: =J74*'IAA digestibility'!J74 -> 14.691 | Z74: =K74*'IAA digestibility'!K74 -> 12.324 | AA74: =L74*'IAA digestibility'!L74 -> 2.604 | AB74: =M74*'IAA digestibility'!M74 -> 2.736 | AC74: =N74*'IAA digestibility'!N74 -> 9.66 | ... AE74: =P74*'IAA digestibility'!P74 -> 11.92 | AF74: =R74*'IAA digestibility'!R74 -> 5.727 | AH74: =(V74/$F74)*1000 -> 6.8904594 | AI74: =(W74/$F74)*1000 -> 25.031802 | AJ74: =(X74/$F74)*1000 -> 29.194346 | AK74: =(Y74/$F74)*1000 -> 51.911661 | AL74: =(Z74/$F74)*1000 -> 43.547703 | AM74: =((AA74+AB74)/$F74)*1000 -> 18.869258 | AN74: =((AC74+AD74)/$F74)*1000 -> 54.077739 | AO74: =(AE74/$F74)*1000 -> 42.120141 | AP74: =(AF74/$F74)*1000 -> 20.236749
A75: Cotton seed, whole/full-fat cotton seed (Gossypium spp.) | B75: Legumes & oilseeds | C75: 2 | E75: Standardized Ileal | F75: 220 | G75: 2.9 | H75: 8.3 | I75: 7.4 | J75: 13.2 | K75: 10.4 | L75: 3.9 | M75: 3.1 | N75: 11.7 | O75: 7 | P75: 8.9 | Q75: 24.2 | R75: 8.2 | V75: =G75*'IAA digestibility'!G75 -> 1.914 | W75: =H75*'IAA digestibility'!H75 -> 5.395 | X75: =I75*'IAA digestibility'!I75 -> 5.402 | Y75: =J75*'IAA digestibility'!J75 -> 9.9 | Z75: =K75*'IAA digestibility'!K75 -> 6.656 | AA75: =L75*'IAA digestibility'!L75 -> 3.003 | AB75: =M75*'IAA digestibility'!M75 -> 1.891 | AC75: =N75*'IAA digestibility'!N75 -> 9.009 | ... AE75: =P75*'IAA digestibility'!P75 -> 6.23 | AF75: =R75*'IAA digestibility'!R75 -> 5.904 | AH75: =(V75/$F75)*1000 -> 8.7 | AI75: =(W75/$F75)*1000 -> 24.522727 | AJ75: =(X75/$F75)*1000 -> 24.554545 | AK75: =(Y75/$F75)*1000 -> 45 | AL75: =(Z75/$F75)*1000 -> 30.254545 | AM75: =((AA75+AB75)/$F75)*1000 -> 22.245455 | AN75: =((AC75+AD75)/$F75)*1000 -> 64.495455 | AO75: =(AE75/$F75)*1000 -> 28.318182 | AP75: =(AF75/$F75)*1000 -> 26.836364
A76: Cotton seed, whole, extruded/full-fat cotton seed (Gossypium spp) | B76: Legumes & oilseeds | C76: 2 | E76: Standardized Ileal | F76: 220 | G76: 2.9 | H76: 8.3 | I76: 7.4 | J76: 13.2 | K76: 10.4 | L76: 3.9 | M76: 3.1 | N76: 11.7 | O76: 7 | P76: 8.9 | Q76: 24.2 | R76: 8.2 | V76: =G76*'IAA digestibility'!G76 -> 1.914 | W76: =H76*'IAA digestibility'!H76 -> 5.395 | X76: =I76*'IAA digestibility'!I76 -> 5.402 | Y76: =J76*'IAA digestibility'!J76 -> 9.9 | Z76: =K76*'IAA digestibility'!K76 -> 6.656 | AA76: =L76*'IAA digestibility'!L76 -> 3.003 | AB76: =M76*'IAA digestibility'!M76 -> 1.891 | AC76: =N76*'IAA digestibility'!N76 -> 9.009 | ... AE76: =P76*'IAA digestibility'!P76 -> 6.23 | AF76: =R76*'IAA digestibility'!R76 -> 5.904 | AH76: =(V76/$F76)*1000 -> 8.7 | AI76: =(W76/$F76)*1000 -> 24.522727 | AJ76: =(X76/$F76)*1000 -> 24.554545 | AK76: =(Y76/$F76)*1000 -> 45 | AL76: =(Z76/$F76)*1000 -> 30.254545 | AM76: =((AA76+AB76)/$F76)*1000 -> 22.245455 | AN76: =((AC76+AD76)/$F76)*1000 -> 64.495455 | AO76: =(AE76/$F76)*1000 -> 28.318182 | AP76: =(AF76/$F76)*1000 -> 26.836364
A77: Cowpea seed (Vigna unguicuilata (L) Walp) | B77: Legumes & oilseeds | C77: 2 | E77: Standardized Ileal | F77: 250 | G77: 2.8 | H77: 9.5 | I77: 10 | J77: 18.6 | K77: 16.3 | L77: 3.7 | M77: 2.8 | N77: 13.7 | O77: 7.5 | P77: 11.7 | Q77: 16.8 | R77: 8.2 | S77: Cowpea is a grain legume popular as human food in Africa and in some regions of Asia and the Americas. Other names: black-eyed pea, black-eyed bean, asparagus bean. | V77: =G77*'IAA digestibility'!G77 -> 2.296 | W77: =H77*'IAA digestibility'!H77 -> 7.695 | X77: =I77*'IAA digestibility'!I77 -> 8.4 | Y77: =J77*'IAA digestibility'!J77 -> 15.996 | Z77: =K77*'IAA digestibility'!K77 -> 13.366 | AA77: =L77*'IAA digestibility'!L77 -> 3.182 | AB77: =M77*'IAA digestibility'!M77 -> 2.24 | AC77: =N77*'IAA digestibility'!N77 -> 11.782 | ... AE77: =P77*'IAA digestibility'!P77 -> 9.711 | AF77: =R77*'IAA digestibility'!R77 -> 6.97 | AH77: =(V77/$F77)*1000 -> 9.184 | AI77: =(W77/$F77)*1000 -> 30.78 | AJ77: =(X77/$F77)*1000 -> 33.6 | AK77: =(Y77/$F77)*1000 -> 63.984 | AL77: =(Z77/$F77)*1000 -> 53.464 | AM77: =((AA77+AB77)/$F77)*1000 -> 21.688 | AN77: =((AC77+AD77)/$F77)*1000 -> 72.628 | AO77: =(AE77/$F77)*1000 -> 38.844 | AP77: =(AF77/$F77)*1000 -> 27.88
A78: Faba bean, coloured flowers, high tannin | B78: Legumes & oilseeds | C78: 2 | E78: Standardized Ileal | F78: 295 | G78: 2.4 | H78: 10.5 | I78: 12 | J78: 22.4 | K78: 19.2 | L78: 2.1 | M78: 3.7 | N78: 12.4 | O78: 9.4 | P78: 13.3 | Q78: 27.9 | R78: 7.5 | V78: =G78*'IAA digestibility'!G78 -> 1.68 | W78: =H78*'IAA digestibility'!H78 -> 8.4 | X78: =I78*'IAA digestibility'!I78 -> 9.84 | Y78: =J78*'IAA digestibility'!J78 -> 18.816 | Z78: =K78*'IAA digestibility'!K78 -> 16.32 | AA78: =L78*'IAA digestibility'!L78 -> 1.68 | AB78: =M78*'IAA digestibility'!M78 -> 2.701 | AC78: =N78*'IAA digestibility'!N78 -> 10.292 | ... AE78: =P78*'IAA digestibility'!P78 -> 10.507 | AF78: =R78*'IAA digestibility'!R78 -> 6.375 | AH78: =(V78/$F78)*1000 -> 5.6949153 | AI78: =(W78/$F78)*1000 -> 28.474576 | AJ78: =(X78/$F78)*1000 -> 33.355932 | AK78: =(Y78/$F78)*1000 -> 63.783051 | AL78: =(Z78/$F78)*1000 -> 55.322034 | AM78: =((AA78+AB78)/$F78)*1000 -> 14.850847 | AN78: =((AC78+AD78)/$F78)*1000 -> 60.698305 | AO78: =(AE78/$F78)*1000 -> 35.616949 | AP78: =(AF78/$F78)*1000 -> 21.610169
A79: Faba bean, colored flowers, high tannin, extruded, horse bean/field bean (Vicia faba L.) | B79: Legumes & oilseeds | C79: 2 | E79: Standardized Ileal | F79: 295 | G79: 2.4 | H79: 10.5 | I79: 12 | J79: 22.4 | K79: 19.2 | L79: 2.1 | M79: 3.7 | N79: 12.4 | O79: 9.4 | P79: 13.3 | Q79: 27.9 | R79: 7.5 | V79: =G79*'IAA digestibility'!G79 -> 1.704 | W79: =H79*'IAA digestibility'!H79 -> 8.505 | X79: =I79*'IAA digestibility'!I79 -> 9.84 | Y79: =J79*'IAA digestibility'!J79 -> 19.04 | Z79: =K79*'IAA digestibility'!K79 -> 16.704 | AA79: =L79*'IAA digestibility'!L79 -> 1.764 | AB79: =M79*'IAA digestibility'!M79 -> 2.775 | AC79: =N79*'IAA digestibility'!N79 -> 10.416 | ... AE79: =P79*'IAA digestibility'!P79 -> 10.773 | AF79: =R79*'IAA digestibility'!R79 -> 6.375 | AH79: =(V79/$F79)*1000 -> 5.7762712 | AI79: =(W79/$F79)*1000 -> 28.830508 | AJ79: =(X79/$F79)*1000 -> 33.355932 | AK79: =(Y79/$F79)*1000 -> 64.542373 | AL79: =(Z79/$F79)*1000 -> 56.623729 | AM79: =((AA79+AB79)/$F79)*1000 -> 15.386441 | AN79: =((AC79+AD79)/$F79)*1000 -> 61.118644 | AO79: =(AE79/$F79)*1000 -> 36.518644 | AP79: =(AF79/$F79)*1000 -> 21.610169
A80: Faba bean, white flowers, low tannin, horse bean/field bean (Vicia faba L.) | B80: Legumes & oilseeds | C80: 2 | E80: Standardized Ileal | F80: 311 | G80: 2.6 | H80: 11.1 | I80: 12.6 | J80: 23.6 | K80: 20 | L80: 2.2 | M80: 4 | N80: 13 | O80: 9.9 | P80: 14.1 | Q80: 30.4 | R80: 7.9 | V80: =G80*'IAA digestibility'!G80 -> 1.95 | W80: =H80*'IAA digestibility'!H80 -> 9.324 | X80: =I80*'IAA digestibility'!I80 -> 10.584 | Y80: =J80*'IAA digestibility'!J80 -> 20.532 | Z80: =K80*'IAA digestibility'!K80 -> 17.8 | AA80: =L80*'IAA digestibility'!L80 -> 1.892 | AB80: =M80*'IAA digestibility'!M80 -> 3.08 | AC80: =N80*'IAA digestibility'!N80 -> 11.31 | ... AE80: =P80*'IAA digestibility'!P80 -> 11.703 | AF80: =R80*'IAA digestibility'!R80 -> 7.031 | AH80: =(V80/$F80)*1000 -> 6.2700965 | AI80: =(W80/$F80)*1000 -> 29.980707 | AJ80: =(X80/$F80)*1000 -> 34.032154 | AK80: =(Y80/$F80)*1000 -> 66.019293 | AL80: =(Z80/$F80)*1000 -> 57.234727 | AM80: =((AA80+AB80)/$F80)*1000 -> 15.987138 | AN80: =((AC80+AD80)/$F80)*1000 -> 63.424437 | AO80: =(AE80/$F80)*1000 -> 37.630225 | AP80: =(AF80/$F80)*1000 -> 22.607717
A81: Groundnut flour/peanut flour, dehulled (46,6 g/00 g protein) | B81: Legumes & oilseeds | C81: 12 | E81: Standardized Ileal | F81: 466 | G81: 4.7 | H81: 11.7 | I81: 16.8 | J81: 30.6 | K81: 11.7 | L81: 5 | M81: 5.1 | N81: 24.1 | O81: 17.9 | P81: 20 | Q81: 50.4 | R81: 10.8 | V81: =G81*'IAA digestibility'!G81 -> 3.901 | W81: =H81*'IAA digestibility'!H81 -> 9.6408 | X81: =I81*'IAA digestibility'!I81 -> 15.0696 | Y81: =J81*'IAA digestibility'!J81 -> 28.3662 | Z81: =K81*'IAA digestibility'!K81 -> 7.7805 | AA81: =L81*'IAA digestibility'!L81 -> 4.51 | AB81: =M81*'IAA digestibility'!M81 -> 3.9882 | AC81: =N81*'IAA digestibility'!N81 -> 22.6781 | ... AE81: =P81*'IAA digestibility'!P81 -> 18 | AF81: =R81*'IAA digestibility'!R81 -> 9.2556 | AH81: =(V81/$F81)*1000 -> 8.3712446 | AI81: =(W81/$F81)*1000 -> 20.688412 | AJ81: =(X81/$F81)*1000 -> 32.338197 | AK81: =(Y81/$F81)*1000 -> 60.871674 | AL81: =(Z81/$F81)*1000 -> 16.696352 | AM81: =((AA81+AB81)/$F81)*1000 -> 18.236481 | AN81: =((AC81+AD81)/$F81)*1000 -> 83.658798 | AO81: =(AE81/$F81)*1000 -> 38.626609 | AP81: =(AF81/$F81)*1000 -> 19.861803
A82: Kidney bean, cooked (Ziyun No.2, Chinese variety), 26,2% protein | B82: Legumes & oilseeds | C82: 9 | E82: True ileal | F82: 262 | G82: 2.5 | H82: 10.1 | I82: 10.8 | J82: 19.7 | K82: 16.8 | L82: 2.7 | M82: 5 | N82: 13.8 | O82: 6.2 | P82: 12.5 | Q82: 14.6 | R82: 9 | V82: =G82*'IAA digestibility'!G82 -> 1.9475 | W82: =H82*'IAA digestibility'!H82 -> 7.5346 | X82: =I82*'IAA digestibility'!I82 -> 8.6292 | Y82: =J82*'IAA digestibility'!J82 -> 17.4739 | Z82: =K82*'IAA digestibility'!K82 -> 14.0448 | AA82: =L82*'IAA digestibility'!L82 -> 2.2734 | AB82: =M82*'IAA digestibility'!M82 -> 2.185 | AC82: =N82*'IAA digestibility'!N82 -> 10.7364 | ... AE82: =P82*'IAA digestibility'!P82 -> 9.9875 | AF82: =R82*'IAA digestibility'!R82 -> 5.085 | AH82: =(V82/$F82)*1000 -> 7.4332061 | AI82: =(W82/$F82)*1000 -> 28.758015 | AJ82: =(X82/$F82)*1000 -> 32.935878 | AK82: =(Y82/$F82)*1000 -> 66.694275 | AL82: =(Z82/$F82)*1000 -> 53.606107 | AM82: =((AA82+AB82)/$F82)*1000 -> 17.016794 | AN82: =((AC82+AD82)/$F82)*1000 -> 54.964122 | AO82: =(AE82/$F82)*1000 -> 38.120229 | AP82: =(AF82/$F82)*1000 -> 19.408397
A83: Lentils (Lens esculenta Moench) | B83: Legumes & oilseeds | C83: 2 | E83: Standardized Ileal | F83: 264 | G83: 1.8 | H83: 9.2 | I83: 10.4 | J83: 17.9 | K83: 16.2 | L83: 2.1 | M83: 3.2 | N83: 11.5 | O83: 7.1 | P83: 11 | Q83: 18.8 | R83: 6.2 | V83: =G83*'IAA digestibility'!G83 -> 1.476 | W83: =H83*'IAA digestibility'!H83 -> 7.452 | X83: =I83*'IAA digestibility'!I83 -> 8.736 | Y83: =J83*'IAA digestibility'!J83 -> 15.394 | Z83: =K83*'IAA digestibility'!K83 -> 13.284 | AA83: =L83*'IAA digestibility'!L83 -> 1.806 | AB83: =M83*'IAA digestibility'!M83 -> 2.56 | AC83: =N83*'IAA digestibility'!N83 -> 9.89 | ... AE83: =P83*'IAA digestibility'!P83 -> 9.13 | AF83: =R83*'IAA digestibility'!R83 -> 5.332 | AH83: =(V83/$F83)*1000 -> 5.5909091 | AI83: =(W83/$F83)*1000 -> 28.227273 | AJ83: =(X83/$F83)*1000 -> 33.090909 | AK83: =(Y83/$F83)*1000 -> 58.310606 | AL83: =(Z83/$F83)*1000 -> 50.318182 | AM83: =((AA83+AB83)/$F83)*1000 -> 16.537879 | AN83: =((AC83+AD83)/$F83)*1000 -> 60.32197 | AO83: =(AE83/$F83)*1000 -> 34.583333 | AP83: =(AF83/$F83)*1000 -> 20.19697
A84: Lentils, raw, red (Lens culinaris), 24,7 g/100 g protein | B84: Legumes & oilseeds | C84: 13 | E84: Standardized Ileal | F84: 247 | G84: 1.4 | H84: 8.7 | I84: 10.9 | J84: 17.6 | K84: 17 | L84: 1.9 | M84: 2.6 | N84: 12.2 | O84: 7.2 | P84: 12 | Q84: 17.8 | R84: 5.9 | S84: Sourced from CorLine Commodities, Canada | V84: =G84*'IAA digestibility'!G84 -> 1.2096 | W84: =H84*'IAA digestibility'!H84 -> 6.873 | X84: =I84*'IAA digestibility'!I84 -> 8.4802 | Y84: =J84*'IAA digestibility'!J84 -> 13.904 | Z84: =K84*'IAA digestibility'!K84 -> 13.702 | AA84: =L84*'IAA digestibility'!L84 -> 1.4364 | AB84: =M84*'IAA digestibility'!M84 -> 1.8642 | AC84: =N84*'IAA digestibility'!N84 -> 9.6014 | ... AE84: =P84*'IAA digestibility'!P84 -> 9.276 | AF84: =R84*'IAA digestibility'!R84 -> 4.7023 | AH84: =(V84/$F84)*1000 -> 4.897166 | AI84: =(W84/$F84)*1000 -> 27.825911 | AJ84: =(X84/$F84)*1000 -> 34.332794 | AK84: =(Y84/$F84)*1000 -> 56.291498 | AL84: =(Z84/$F84)*1000 -> 55.473684 | AM84: =((AA84+AB84)/$F84)*1000 -> 13.362753 | AN84: =((AC84+AD84)/$F84)*1000 -> 62.250202 | AO84: =(AE84/$F84)*1000 -> 37.554656 | AP84: =(AF84/$F84)*1000 -> 19.037652
A85: Lentils, steam pelleted at 80-85 oC, (Lens culinaris), 24,3 g/100 g protein | B85: Legumes & oilseeds | C85: 13 | E85: Standardized Ileal | F85: 243 | G85: 1.4 | H85: 8.6 | I85: 10.7 | J85: 17.6 | K85: 16.3 | L85: 2 | M85: 2.7 | N85: 12.2 | O85: 7.2 | P85: 11.9 | Q85: 17.4 | R85: 5.9 | S85: Raw material sourced from CorLine Commodities, Canada | V85: =G85*'IAA digestibility'!G85 -> 1.302 | W85: =H85*'IAA digestibility'!H85 -> 7.353 | X85: =I85*'IAA digestibility'!I85 -> 9.1806 | Y85: =J85*'IAA digestibility'!J85 -> 15.2768 | Z85: =K85*'IAA digestibility'!K85 -> 14.2299 | AA85: =L85*'IAA digestibility'!L85 -> 1.72 | AB85: =M85*'IAA digestibility'!M85 -> 2.1492 | AC85: =N85*'IAA digestibility'!N85 -> 10.4798 | ... AE85: =P85*'IAA digestibility'!P85 -> 10.1031 | AF85: =R85*'IAA digestibility'!R85 -> 5.0858 | AH85: =(V85/$F85)*1000 -> 5.3580247 | AI85: =(W85/$F85)*1000 -> 30.259259 | AJ85: =(X85/$F85)*1000 -> 37.780247 | AK85: =(Y85/$F85)*1000 -> 62.86749 | AL85: =(Z85/$F85)*1000 -> 58.559259 | AM85: =((AA85+AB85)/$F85)*1000 -> 15.922634 | AN85: =((AC85+AD85)/$F85)*1000 -> 67.986008 | AO85: =(AE85/$F85)*1000 -> 41.576543 | AP85: =(AF85/$F85)*1000 -> 20.929218
A86: Lentils, extruded at 115oC (Lens culinaris), 24,4 g/00 g protein | B86: Legumes & oilseeds | C86: 13 | E86: Standardized Ileal | F86: 244 | G86: 1.5 | H86: 8.6 | I86: 10.7 | J86: 17.4 | K86: 16.6 | L86: 1.8 | M86: 2.6 | N86: 12.1 | O86: 7.1 | P86: 11.9 | Q86: 17.6 | R86: 5.9 | S86: Raw material sourced from CorLine Commodities, Canada | V86: =G86*'IAA digestibility'!G86 -> 1.434 | W86: =H86*'IAA digestibility'!H86 -> 7.5594 | X86: =I86*'IAA digestibility'!I86 -> 9.3732 | Y86: =J86*'IAA digestibility'!J86 -> 15.3468 | Z86: =K86*'IAA digestibility'!K86 -> 14.5914 | AA86: =L86*'IAA digestibility'!L86 -> 1.5588 | AB86: =M86*'IAA digestibility'!M86 -> 1.9864 | AC86: =N86*'IAA digestibility'!N86 -> 10.7569 | ... AE86: =P86*'IAA digestibility'!P86 -> 10.353 | AF86: =R86*'IAA digestibility'!R86 -> 5.133 | AH86: =(V86/$F86)*1000 -> 5.8770492 | AI86: =(W86/$F86)*1000 -> 30.981148 | AJ86: =(X86/$F86)*1000 -> 38.414754 | AK86: =(Y86/$F86)*1000 -> 62.896721 | AL86: =(Z86/$F86)*1000 -> 59.80082 | AM86: =((AA86+AB86)/$F86)*1000 -> 14.529508 | AN86: =((AC86+AD86)/$F86)*1000 -> 69.779508 | AO86: =(AE86/$F86)*1000 -> 42.430328 | AP86: =(AF86/$F86)*1000 -> 21.036885
A87: Linseed, whole (Linum usitatissimum)/full-fat linseed/full fat flaxseed | B87: Legumes & oilseeds | C87: 2 | E87: Standardized Ileal | F87: 225 | G87: 4 | H87: 10 | I87: 10.7 | J87: 14.3 | K87: 8.8 | L87: 4.4 | M87: 4.4 | N87: 12 | O87: 6.3 | P87: 11.8 | Q87: 22.6 | R87: 5.2 | V87: =G87*'IAA digestibility'!G87 -> 3.04 | W87: =H87*'IAA digestibility'!H87 -> 7.5 | X87: =I87*'IAA digestibility'!I87 -> 8.56 | Y87: =J87*'IAA digestibility'!J87 -> 11.726 | Z87: =K87*'IAA digestibility'!K87 -> 6.6 | AA87: =L87*'IAA digestibility'!L87 -> 3.652 | AB87: =M87*'IAA digestibility'!M87 -> 3.212 | AC87: =N87*'IAA digestibility'!N87 -> 9.96 | ... AE87: =P87*'IAA digestibility'!P87 -> 9.204 | AF87: =R87*'IAA digestibility'!R87 -> 4.212 | AH87: =(V87/$F87)*1000 -> 13.511111 | AI87: =(W87/$F87)*1000 -> 33.333333 | AJ87: =(X87/$F87)*1000 -> 38.044444 | AK87: =(Y87/$F87)*1000 -> 52.115556 | AL87: =(Z87/$F87)*1000 -> 29.333333 | AM87: =((AA87+AB87)/$F87)*1000 -> 30.506667 | AN87: =((AC87+AD87)/$F87)*1000 -> 66.946667 | AO87: =(AE87/$F87)*1000 -> 40.906667 | AP87: =(AF87/$F87)*1000 -> 18.72
A88: Linseed, whole, extruded (Linum usitatissimum)/full-fat linseed/full fat flaxseed | B88: Legumes & oilseeds | C88: 2 | E88: Standardized Ileal | F88: 225 | G88: 4 | H88: 10 | I88: 10.7 | J88: 14.3 | K88: 8.8 | L88: 4.4 | M88: 4.4 | N88: 12 | O88: 6.3 | P88: 11.8 | Q88: 22.6 | R88: 5.2 | V88: =G88*'IAA digestibility'!G88 -> 3.04 | W88: =H88*'IAA digestibility'!H88 -> 7.5 | X88: =I88*'IAA digestibility'!I88 -> 8.56 | Y88: =J88*'IAA digestibility'!J88 -> 11.726 | Z88: =K88*'IAA digestibility'!K88 -> 6.6 | AA88: =L88*'IAA digestibility'!L88 -> 3.652 | AB88: =M88*'IAA digestibility'!M88 -> 3.212 | AC88: =N88*'IAA digestibility'!N88 -> 9.96 | ... AE88: =P88*'IAA digestibility'!P88 -> 9.204 | AF88: =R88*'IAA digestibility'!R88 -> 4.212 | AH88: =(V88/$F88)*1000 -> 13.511111 | AI88: =(W88/$F88)*1000 -> 33.333333 | AJ88: =(X88/$F88)*1000 -> 38.044444 | AK88: =(Y88/$F88)*1000 -> 52.115556 | AL88: =(Z88/$F88)*1000 -> 29.333333 | AM88: =((AA88+AB88)/$F88)*1000 -> 30.506667 | AN88: =((AC88+AD88)/$F88)*1000 -> 66.946667 | AO88: =(AE88/$F88)*1000 -> 40.906667 | AP88: =(AF88/$F88)*1000 -> 18.72
A89: Lupin, blue (Lupinus angustifolius L.)/narrowleaf lupin | B89: Legumes & oilseeds | C89: 2 | E89: Standardized Ileal | F89: 333 | G89: 2.5 | H89: 13.1 | I89: 15.5 | J89: 24.7 | K89: 16.8 | L89: 2.9 | M89: 6 | N89: 13.2 | O89: 15.3 | P89: 14.9 | Q89: 32.9 | R89: 7.5 | V89: =G89*'IAA digestibility'!G89 -> 1.925 | W89: =H89*'IAA digestibility'!H89 -> 10.873 | X89: =I89*'IAA digestibility'!I89 -> 13.64 | Y89: =J89*'IAA digestibility'!J89 -> 21.736 | Z89: =K89*'IAA digestibility'!K89 -> 14.616 | AA89: =L89*'IAA digestibility'!L89 -> 2.494 | AB89: =M89*'IAA digestibility'!M89 -> 5.16 | AC89: =N89*'IAA digestibility'!N89 -> 11.88 | ... AE89: =P89*'IAA digestibility'!P89 -> 12.516 | AF89: =R89*'IAA digestibility'!R89 -> 6.9 | AH89: =(V89/$F89)*1000 -> 5.7807808 | AI89: =(W89/$F89)*1000 -> 32.651652 | AJ89: =(X89/$F89)*1000 -> 40.960961 | AK89: =(Y89/$F89)*1000 -> 65.273273 | AL89: =(Z89/$F89)*1000 -> 43.891892 | AM89: =((AA89+AB89)/$F89)*1000 -> 22.984985 | AN89: =((AC89+AD89)/$F89)*1000 -> 76.108108 | AO89: =(AE89/$F89)*1000 -> 37.585586 | AP89: =(AF89/$F89)*1000 -> 20.720721
A90: Lupin, white (Lupinus albus L.) | B90: Legumes & oilseeds | C90: 2 | E90: Standardized Ileal | F90: 380 | G90: 2.6 | H90: 14.1 | I90: 17.6 | J90: 27.6 | K90: 18.5 | L90: 3 | M90: 6.3 | N90: 14.8 | O90: 17.7 | P90: 16.4 | Q90: 40.9 | R90: 8.3 | V90: =G90*'IAA digestibility'!G90 -> 2.028 | W90: =H90*'IAA digestibility'!H90 -> 10.998 | X90: =I90*'IAA digestibility'!I90 -> 15.312 | Y90: =J90*'IAA digestibility'!J90 -> 23.736 | Z90: =K90*'IAA digestibility'!K90 -> 15.17 | AA90: =L90*'IAA digestibility'!L90 -> 2.28 | AB90: =M90*'IAA digestibility'!M90 -> 4.788 | AC90: =N90*'IAA digestibility'!N90 -> 12.728 | ... AE90: =P90*'IAA digestibility'!P90 -> 12.136 | AF90: =R90*'IAA digestibility'!R90 -> 7.138 | AH90: =(V90/$F90)*1000 -> 5.3368421 | AI90: =(W90/$F90)*1000 -> 28.942105 | AJ90: =(X90/$F90)*1000 -> 40.294737 | AK90: =(Y90/$F90)*1000 -> 62.463158 | AL90: =(Z90/$F90)*1000 -> 39.921053 | AM90: =((AA90+AB90)/$F90)*1000 -> 18.6 | AN90: =((AC90+AD90)/$F90)*1000 -> 74.95 | AO90: =(AE90/$F90)*1000 -> 31.936842 | AP90: =(AF90/$F90)*1000 -> 18.784211
A91: Lupin, white, extruded (Lupinus albus L.) | B91: Legumes & oilseeds | C91: 2 | E91: Standardized Ileal | F91: 380 | G91: 2.6 | H91: 14.1 | I91: 17.6 | J91: 27.6 | K91: 18.5 | L91: 3 | M91: 6.3 | N91: 14.8 | O91: 17.7 | P91: 16.4 | Q91: 40.9 | R91: 8.3 | V91: =G91*'IAA digestibility'!G91 -> 2.028 | W91: =H91*'IAA digestibility'!H91 -> 10.998 | X91: =I91*'IAA digestibility'!I91 -> 15.312 | Y91: =J91*'IAA digestibility'!J91 -> 23.736 | Z91: =K91*'IAA digestibility'!K91 -> 15.17 | AA91: =L91*'IAA digestibility'!L91 -> 2.28 | AB91: =M91*'IAA digestibility'!M91 -> 4.788 | AC91: =N91*'IAA digestibility'!N91 -> 12.728 | ... AE91: =P91*'IAA digestibility'!P91 -> 12.136 | AF91: =R91*'IAA digestibility'!R91 -> 7.138 | AH91: =(V91/$F91)*1000 -> 5.3368421 | AI91: =(W91/$F91)*1000 -> 28.942105 | AJ91: =(X91/$F91)*1000 -> 40.294737 | AK91: =(Y91/$F91)*1000 -> 62.463158 | AL91: =(Z91/$F91)*1000 -> 39.921053 | AM91: =((AA91+AB91)/$F91)*1000 -> 18.6 | AN91: =((AC91+AD91)/$F91)*1000 -> 74.95 | AO91: =(AE91/$F91)*1000 -> 31.936842 | AP91: =(AF91/$F91)*1000 -> 18.784211
A92: Mung bean (Vigna radiata, var. KKM-3), India (24,9 g/100 g protein) | B92: Legumes & oilseeds | C92: 17 | E92: True ileal | F92: 249.4 | H92: 12.8 | I92: 10.5 | J92: 17.5 | K92: 16.1 | L92: 2.1 | N92: 15.4 | P92: 12.2 | V92: =G92*'IAA digestibility'!G92 -> 0 | W92: =H92*'IAA digestibility'!H92 -> 5.44 | X92: =I92*'IAA digestibility'!I92 -> 7.959 | Y92: =J92*'IAA digestibility'!J92 -> 11.8125 | Z92: =K92*'IAA digestibility'!K92 -> 10.143 | AA92: =L92*'IAA digestibility'!L92 -> 1.0962 | AB92: =M92*'IAA digestibility'!M92 -> 0 | AC92: =N92*'IAA digestibility'!N92 -> 11.3036 | ... AE92: =P92*'IAA digestibility'!P92 -> 8.2716 | AF92: =R92*'IAA digestibility'!R92 -> 0 | AH92: =(V92/$F92)*1000 -> 0 | AI92: =(W92/$F92)*1000 -> 21.81235 | AJ92: =(X92/$F92)*1000 -> 31.91259 | AK92: =(Y92/$F92)*1000 -> 47.363673 | AL92: =(Z92/$F92)*1000 -> 40.669607 | AM92: =((AA92+AB92)/$F92)*1000 -> 4.3953488 | AN92: =((AC92+AD92)/$F92)*1000 -> 45.323176 | AO92: =(AE92/$F92)*1000 -> 33.165998 | AP92: =(AF92/$F92)*1000 -> 0
A93: Mung bean, dehulled (Vigna radiata, var. KKM-3), India (25,7 g/100 g protein) | B93: Legumes & oilseeds | C93: 17 | E93: True ileal | F93: 251.7 | H93: 13 | I93: 10.3 | J93: 18 | K93: 16.1 | L93: 2.3 | N93: 15.6 | P93: 12.4 | V93: =G93*'IAA digestibility'!G93 -> 0 | W93: =H93*'IAA digestibility'!H93 -> 7.085 | X93: =I93*'IAA digestibility'!I93 -> 8.5387 | Y93: =J93*'IAA digestibility'!J93 -> 13.734 | Z93: =K93*'IAA digestibility'!K93 -> 10.2074 | AA93: =L93*'IAA digestibility'!L93 -> 1.4789 | AB93: =M93*'IAA digestibility'!M93 -> 0 | AC93: =N93*'IAA digestibility'!N93 -> 11.7156 | ... AE93: =P93*'IAA digestibility'!P93 -> 9.92 | AF93: =R93*'IAA digestibility'!R93 -> 0 | AH93: =(V93/$F93)*1000 -> 0 | AI93: =(W93/$F93)*1000 -> 28.14859 | AJ93: =(X93/$F93)*1000 -> 33.924116 | AK93: =(Y93/$F93)*1000 -> 54.564958 | AL93: =(Z93/$F93)*1000 -> 40.553834 | AM93: =((AA93+AB93)/$F93)*1000 -> 5.8756456 | AN93: =((AC93+AD93)/$F93)*1000 -> 46.545888 | AO93: =(AE93/$F93)*1000 -> 39.411998 | AP93: =(AF93/$F93)*1000 -> 0
A94: Mung bean, cooked (Yulc No.1, Chinese variety), 26,1% protein | B94: Legumes & oilseeds | C94: 9 | E94: True ileal | F94: 261 | G94: 2.4 | H94: 8 | I94: 10.1 | J94: 18.8 | K94: 16.5 | L94: 3.3 | M94: 6.2 | N94: 14.4 | O94: 5.2 | P94: 11.8 | Q94: 16.3 | R94: 8.2 | V94: =G94*'IAA digestibility'!G94 -> 1.9728 | W94: =H94*'IAA digestibility'!H94 -> 6.152 | X94: =I94*'IAA digestibility'!I94 -> 8.383 | Y94: =J94*'IAA digestibility'!J94 -> 17.0328 | Z94: =K94*'IAA digestibility'!K94 -> 14.2065 | AA94: =L94*'IAA digestibility'!L94 -> 2.7423 | AB94: =M94*'IAA digestibility'!M94 -> 3.286 | AC94: =N94*'IAA digestibility'!N94 -> 12.0816 | ... AE94: =P94*'IAA digestibility'!P94 -> 9.7704 | AF94: =R94*'IAA digestibility'!R94 -> 5.5842 | AH94: =(V94/$F94)*1000 -> 7.5586207 | AI94: =(W94/$F94)*1000 -> 23.570881 | AJ94: =(X94/$F94)*1000 -> 32.118774 | AK94: =(Y94/$F94)*1000 -> 65.25977 | AL94: =(Z94/$F94)*1000 -> 54.431034 | AM94: =((AA94+AB94)/$F94)*1000 -> 23.096935 | AN94: =((AC94+AD94)/$F94)*1000 -> 61.590805 | AO94: =(AE94/$F94)*1000 -> 37.434483 | AP94: =(AF94/$F94)*1000 -> 21.395402
A95: Pea (Pisum sativum L.) | B95: Legumes & oilseeds | C95: 2 | E95: Standardized Ileal | F95: 233 | G95: 2 | H95: 8.9 | I95: 9.8 | J95: 16.6 | K95: 17 | L95: 2.3 | M95: 3.2 | N95: 11 | O95: 7.3 | P95: 11 | Q95: 19.9 | R95: 5.9 | V95: =G95*'IAA digestibility'!G95 -> 1.46 | W95: =H95*'IAA digestibility'!H95 -> 6.764 | X95: =I95*'IAA digestibility'!I95 -> 7.742 | Y95: =J95*'IAA digestibility'!J95 -> 13.28 | Z95: =K95*'IAA digestibility'!K95 -> 14.11 | AA95: =L95*'IAA digestibility'!L95 -> 1.84 | AB95: =M95*'IAA digestibility'!M95 -> 2.304 | AC95: =N95*'IAA digestibility'!N95 -> 8.8 | ... AE95: =P95*'IAA digestibility'!P95 -> 8.47 | AF95: =R95*'IAA digestibility'!R95 -> 4.956 | AH95: =(V95/$F95)*1000 -> 6.2660944 | AI95: =(W95/$F95)*1000 -> 29.030043 | AJ95: =(X95/$F95)*1000 -> 33.227468 | AK95: =(Y95/$F95)*1000 -> 56.995708 | AL95: =(Z95/$F95)*1000 -> 60.55794 | AM95: =((AA95+AB95)/$F95)*1000 -> 17.785408 | AN95: =((AC95+AD95)/$F95)*1000 -> 63.145923 | AO95: =(AE95/$F95)*1000 -> 36.351931 | AP95: =(AF95/$F95)*1000 -> 21.270386
A96: Pea (Pisum sativum L.) | B96: Legumes & oilseeds | C96: 1,19 | E96: Standardized Ileal | F96: 203 | G96: 1.8 | H96: 7.5 | I96: 8.3 | J96: 14.4 | K96: 14.4 | L96: 2 | M96: 3 | N96: 9.5 | O96: 6.7 | P96: 9.3 | Q96: 17.8 | R96: 5.1 | V96: =G96*'IAA digestibility'!G96 -> 1.242 | W96: =H96*'IAA digestibility'!H96 -> 5.55 | X96: =I96*'IAA digestibility'!I96 -> 6.391 | Y96: =J96*'IAA digestibility'!J96 -> 11.088 | Z96: =K96*'IAA digestibility'!K96 -> 11.664 | AA96: =L96*'IAA digestibility'!L96 -> 1.52 | AB96: =M96*'IAA digestibility'!M96 -> 2.16 | AC96: =N96*'IAA digestibility'!N96 -> 7.22 | ... AE96: =P96*'IAA digestibility'!P96 -> 6.882 | AF96: =R96*'IAA digestibility'!R96 -> 4.131 | AH96: =(V96/$F96)*1000 -> 6.1182266 | AI96: =(W96/$F96)*1000 -> 27.339901 | AJ96: =(X96/$F96)*1000 -> 31.482759 | AK96: =(Y96/$F96)*1000 -> 54.62069 | AL96: =(Z96/$F96)*1000 -> 57.458128 | AM96: =((AA96+AB96)/$F96)*1000 -> 18.128079 | AN96: =((AC96+AD96)/$F96)*1000 -> 61.310345 | AO96: =(AE96/$F96)*1000 -> 33.901478 | AP96: =(AF96/$F96)*1000 -> 20.349754
A97: Pea, extruded (Pisum sativum L.) | B97: Legumes & oilseeds | C97: 2 | E97: Standardized Ileal | F97: 233 | G97: 2 | H97: 8.9 | I97: 9.8 | J97: 16.6 | K97: 17 | L97: 2.3 | M97: 3.2 | N97: 11 | O97: 7.3 | P97: 11 | Q97: 19.9 | R97: 5.9 | V97: =G97*'IAA digestibility'!G97 -> 1.78 | W97: =H97*'IAA digestibility'!H97 -> 8.01 | X97: =I97*'IAA digestibility'!I97 -> 8.918 | Y97: =J97*'IAA digestibility'!J97 -> 15.272 | Z97: =K97*'IAA digestibility'!K97 -> 15.81 | AA97: =L97*'IAA digestibility'!L97 -> 1.978 | AB97: =M97*'IAA digestibility'!M97 -> 2.816 | AC97: =N97*'IAA digestibility'!N97 -> 10.23 | ... AE97: =P97*'IAA digestibility'!P97 -> 9.79 | AF97: =R97*'IAA digestibility'!R97 -> 5.546 | AH97: =(V97/$F97)*1000 -> 7.639485 | AI97: =(W97/$F97)*1000 -> 34.377682 | AJ97: =(X97/$F97)*1000 -> 38.274678 | AK97: =(Y97/$F97)*1000 -> 65.545064 | AL97: =(Z97/$F97)*1000 -> 67.854077 | AM97: =((AA97+AB97)/$F97)*1000 -> 20.575107 | AN97: =((AC97+AD97)/$F97)*1000 -> 73.356223 | AO97: =(AE97/$F97)*1000 -> 42.017167 | AP97: =(AF97/$F97)*1000 -> 23.802575
A98: Pea protein concentrate | B98: Legumes & oilseeds | C98: 2 | E98: Standardized Ileal | F98: 837 | G98: 6.6 | H98: 26.4 | I98: 30.6 | J98: 56.4 | K98: 51.6 | L98: 6.5 | M98: 7.7 | N98: 36.1 | O98: 22.9 | P98: 33.8 | Q98: 97.9 | R98: 21.1 | S98: Protein fraction of the pea seed (Pisum sativum L.), extracted by a wet process. | V98: =G98*'IAA digestibility'!G98 -> 5.94 | W98: =H98*'IAA digestibility'!H98 -> 17.16 | X98: =I98*'IAA digestibility'!I98 -> 28.458 | Y98: =J98*'IAA digestibility'!J98 -> 53.016 | Z98: =K98*'IAA digestibility'!K98 -> 49.02 | AA98: =L98*'IAA digestibility'!L98 -> 5.85 | AB98: =M98*'IAA digestibility'!M98 -> 6.853 | AC98: =N98*'IAA digestibility'!N98 -> 34.295 | ... AE98: =P98*'IAA digestibility'!P98 -> 31.434 | AF98: =R98*'IAA digestibility'!R98 -> 20.256 | AH98: =(V98/$F98)*1000 -> 7.0967742 | AI98: =(W98/$F98)*1000 -> 20.501792 | AJ98: =(X98/$F98)*1000 -> 34 | AK98: =(Y98/$F98)*1000 -> 63.340502 | AL98: =(Z98/$F98)*1000 -> 58.566308 | AM98: =((AA98+AB98)/$F98)*1000 -> 15.176822 | AN98: =((AC98+AD98)/$F98)*1000 -> 66.691756 | AO98: =(AE98/$F98)*1000 -> 37.555556 | AP98: =(AF98/$F98)*1000 -> 24.200717
A99: Pea emulsion (soybean oil-in-water emulsion containing a pea isolate), 16.79 g/100 g protein) | B99: Legumes & oilseeds | C99: 8 | E99: Standardized Ileal | F99: 167.9 | G99: 5.1 | H99: 6.5 | I99: 8 | J99: 14.4 | K99: 11.8 | L99: 0.8 | M99: 1.5 | N99: 9.4 | O99: 5.3 | P99: 8.1 | Q99: 4.5 | R99: 5.3 | S99: Emulison was created using a commercial pea isolate (Pisane M9, Cosucra, Belgium) and commercial soybean oil | V99: =G99*'IAA digestibility'!G99 -> 5.0796 | W99: =H99*'IAA digestibility'!H99 -> 6.006 | X99: =I99*'IAA digestibility'!I99 -> 7.568 | Y99: =J99*'IAA digestibility'!J99 -> 13.608 | Z99: =K99*'IAA digestibility'!K99 -> 11.0802 | AA99: =L99*'IAA digestibility'!L99 -> 0.6424 | AB99: =M99*'IAA digestibility'!M99 -> 1.5 | AC99: =N99*'IAA digestibility'!N99 -> 9.2402 | ... AE99: =P99*'IAA digestibility'!P99 -> 7.6788 | AF99: =R99*'IAA digestibility'!R99 -> 4.8654 | AH99: =(V99/$F99)*1000 -> 30.253722 | AI99: =(W99/$F99)*1000 -> 35.771292 | AJ99: =(X99/$F99)*1000 -> 45.074449 | AK99: =(Y99/$F99)*1000 -> 81.048243 | AL99: =(Z99/$F99)*1000 -> 65.992853 | AM99: =((AA99+AB99)/$F99)*1000 -> 12.759976 | AN99: =((AC99+AD99)/$F99)*1000 -> 85.87433 | AO99: =(AE99/$F99)*1000 -> 45.734366 | AP99: =(AF99/$F99)*1000 -> 28.977963
A100: Peas, cooked (Dingwan No.4, Chinese variety), 24,3% protein | B100: Legumes & oilseeds | C100: 9 | E100: True ileal | F100: 243 | G100: 2 | H100: 8.1 | I100: 9 | J100: 17 | K100: 15.8 | L100: 2.1 | M100: 6.3 | N100: 7.8 | O100: 4.4 | P100: 9.8 | Q100: 22.7 | R100: 7.2 | V100: =G100*'IAA digestibility'!G100 -> 1.744 | W100: =H100*'IAA digestibility'!H100 -> 6.7311 | X100: =I100*'IAA digestibility'!I100 -> 7.956 | Y100: =J100*'IAA digestibility'!J100 -> 15.81 | Z100: =K100*'IAA digestibility'!K100 -> 14.378 | AA100: =L100*'IAA digestibility'!L100 -> 1.8585 | AB100: =M100*'IAA digestibility'!M100 -> 4.7376 | AC100: =N100*'IAA digestibility'!N100 -> 6.8094 | ... AE100: =P100*'IAA digestibility'!P100 -> 8.5358 | AF100: =R100*'IAA digestibility'!R100 -> 5.4144 | AH100: =(V100/$F100)*1000 -> 7.1769547 | AI100: =(W100/$F100)*1000 -> 27.7 | AJ100: =(X100/$F100)*1000 -> 32.740741 | AK100: =(Y100/$F100)*1000 -> 65.061728 | AL100: =(Z100/$F100)*1000 -> 59.168724 | AM100: =((AA100+AB100)/$F100)*1000 -> 27.144444 | AN100: =((AC100+AD100)/$F100)*1000 -> 43.014815 | AO100: =(AE100/$F100)*1000 -> 35.126749 | AP100: =(AF100/$F100)*1000 -> 22.281481
A101: Pea, yellow, pressure cooked (Pisum sativum; var. Salamanca) (24,4 g/100 g protein) | B101: Legumes & oilseeds | C101: 17 | E101: True ileal | F101: 244.3 | H101: 15.6 | I101: 10 | J101: 16.2 | K101: 15.7 | L101: 2 | N101: 12.3 | P101: 10.9 | V101: =G101*'IAA digestibility'!G101 -> 0 | W101: =H101*'IAA digestibility'!H101 -> 10.4208 | X101: =I101*'IAA digestibility'!I101 -> 7.95 | Y101: =J101*'IAA digestibility'!J101 -> 11.34 | Z101: =K101*'IAA digestibility'!K101 -> 9.7497 | AA101: =L101*'IAA digestibility'!L101 -> 1.122 | AB101: =M101*'IAA digestibility'!M101 -> 0 | AC101: =N101*'IAA digestibility'!N101 -> 9.9138 | ... AE101: =P101*'IAA digestibility'!P101 -> 8.4366 | AF101: =R101*'IAA digestibility'!R101 -> 0 | AH101: =(V101/$F101)*1000 -> 0 | AI101: =(W101/$F101)*1000 -> 42.655751 | AJ101: =(X101/$F101)*1000 -> 32.541957 | AK101: =(Y101/$F101)*1000 -> 46.418338 | AL101: =(Z101/$F101)*1000 -> 39.908719 | AM101: =((AA101+AB101)/$F101)*1000 -> 4.5927139 | AN101: =((AC101+AD101)/$F101)*1000 -> 40.580434 | AO101: =(AE101/$F101)*1000 -> 34.53377 | AP101: =(AF101/$F101)*1000 -> 0
A102: Pistachio nuts, raw (Pistacia vera L.), 27,1 g/100 g protein) | B102: Legumes & oilseeds | C102: 14 | E102: Standardized Ileal | F102: 271 | G102: 3.4 | H102: 7.3 | I102: 11 | J102: 17 | K102: 12.9 | L102: 3.8 | M102: 4.5 | N102: 13.6 | O102: 7 | P102: 14.4 | Q102: 23.1 | R102: 5.3 | V102: =G102*'IAA digestibility'!G102 -> 3.1212 | W102: =H102*'IAA digestibility'!H102 -> 6.424 | X102: =I102*'IAA digestibility'!I102 -> 9.592 | Y102: =J102*'IAA digestibility'!J102 -> 14.96 | Z102: =K102*'IAA digestibility'!K102 -> 11.1714 | AA102: =L102*'IAA digestibility'!L102 -> 3.3022 | AB102: =M102*'IAA digestibility'!M102 -> 3.96 | AC102: =N102*'IAA digestibility'!N102 -> 11.8184 | ... AE102: =P102*'IAA digestibility'!P102 -> 12.6432 | AF102: =R102*'IAA digestibility'!R102 -> 4.7064 | AH102: =(V102/$F102)*1000 -> 11.517343 | AI102: =(W102/$F102)*1000 -> 23.704797 | AJ102: =(X102/$F102)*1000 -> 35.394834 | AK102: =(Y102/$F102)*1000 -> 55.202952 | AL102: =(Z102/$F102)*1000 -> 41.222878 | AM102: =((AA102+AB102)/$F102)*1000 -> 26.797786 | AN102: =((AC102+AD102)/$F102)*1000 -> 66.237638 | AO102: =(AE102/$F102)*1000 -> 46.653875 | AP102: =(AF102/$F102)*1000 -> 17.36679
...

Sheet DIAAS (birth to 6 months)
A1: Food item name | B1: Food group | C1: TRP | D1: THR | E1: ILE | F1: LEU | G1: LYS | H1: SAA | I1: AAA | J1: VAL | K1: HIS | L1: Final DIAAS Score | M1: 1st Limiting AA | N1: Additional information
B2: (Reference pattern) | C2: 17 | D2: 44 | E2: 55 | F2: 96 | G2: 69 | H2: 33 | I2: 94 | J2: 55 | K2: 21
A3: Barley (not hulless varieties) | B3: Cereal & cereal products | C3: ='Total and digestible IAA'!AH3/$C$2 -> 0.5757418 | D3: ='Total and digestible IAA'!AI3/$D$2 -> 0.58829445 | E3: ='Total and digestible IAA'!AJ3/$E$2 -> 0.53435237 | F3: ='Total and digestible IAA'!AK3/$F$2 -> 0.58914086 | G3: ='Total and digestible IAA'!AL3/$G$2 -> 0.41362062 | H3: ='Total and digestible IAA'!AM3/$H$2 -> 1.0085814 | I3: ='Total and digestible IAA'!AN3/$I$2 -> 0.68499341 | J3: ='Total and digestible IAA'!AO3/$J$2 -> 0.73370877 | K3: ='Total and digestible IAA'!AP3/$K$2 -> 0.8874842 | L3: =MIN(C3:K3)*100 -> 41.362062 | M3: Lysine
A4: Barley, dehulled (11,8% protein) | B4: Cereal & cereal products | C4: ='Total and digestible IAA'!AH4/$C$2 -> 0.41874377 | D4: ='Total and digestible IAA'!AI4/$D$2 -> 0.47149461 | E4: ='Total and digestible IAA'!AJ4/$E$2 -> 0.45670262 | F4: ='Total and digestible IAA'!AK4/$F$2 -> 0.50909251 | G4: ='Total and digestible IAA'!AL4/$G$2 -> 0.35445836 | H4: ='Total and digestible IAA'!AM4/$H$2 -> 0.81304571 | I4: ='Total and digestible IAA'!AN4/$I$2 -> 0.59403173 | J4: ='Total and digestible IAA'!AO4/$J$2 -> 0.62881356 | K4: ='Total and digestible IAA'!AP4/$K$2 -> 0.81719128 | L4: =MIN(C4:K4)*100 -> 35.445836 | M4: Lysine
A5: Biscuits (CP>12%) | B5: Cereal & cereal products | C5: ='Total and digestible IAA'!AH5/$C$2 -> 0.49963689 | D5: ='Total and digestible IAA'!AI5/$D$2 -> 0.68939394 | E5: ='Total and digestible IAA'!AJ5/$E$2 -> 0.59887767 | F5: ='Total and digestible IAA'!AK5/$F$2 -> 0.63194444 | G5: ='Total and digestible IAA'!AL5/$G$2 -> 0.31848273 | H5: ='Total and digestible IAA'!AM5/$H$2 -> 0.95735129 | I5: ='Total and digestible IAA'!AN5/$I$2 -> 0.71158392 | J5: ='Total and digestible IAA'!AO5/$J$2 -> 0.74747475 | K5: ='Total and digestible IAA'!AP5/$K$2 -> 1.0388007 | L5: =MIN(C5:K5)*100 -> 31.848273 | M5: Lysine
A6: Bread | B6: Cereal & cereal products | C6: ='Total and digestible IAA'!AH6/$C$2 -> 0.52503646 | D6: ='Total and digestible IAA'!AI6/$D$2 -> 0.68369647 | E6: ='Total and digestible IAA'!AJ6/$E$2 -> 0.60826446 | F6: ='Total and digestible IAA'!AK6/$F$2 -> 0.64049587 | G6: ='Total and digestible IAA'!AL6/$G$2 -> 0.33057851 | H6: ='Total and digestible IAA'!AM6/$H$2 -> 0.98572502 | I6: ='Total and digestible IAA'!AN6/$I$2 -> 0.71127132 | J6: ='Total and digestible IAA'!AO6/$J$2 -> 0.75206612 | K6: ='Total and digestible IAA'!AP6/$K$2 -> 1.0499803 | L6: =MIN(C6:K6)*100 -> 33.057851 | M6: Lysine
A7: Maize flour/Corn flour | B7: Cereal & cereal products | C7: ='Total and digestible IAA'!AH7/$C$2 -> 0.30185759 | D7: ='Total and digestible IAA'!AI7/$D$2 -> 0.61363636 | E7: ='Total and digestible IAA'!AJ7/$E$2 -> 0.53492823 | F7: ='Total and digestible IAA'!AK7/$F$2 -> 1.1600877 | G7: ='Total and digestible IAA'!AL7/$G$2 -> 0.31884058 | H7: ='Total and digestible IAA'!AM7/$H$2 -> 1.1224083 | I7: ='Total and digestible IAA'!AN7/$I$2 -> 0.79171333 | J7: ='Total and digestible IAA'!AO7/$J$2 -> 0.75239234 | K7: ='Total and digestible IAA'!AP7/$K$2 -> 1.2105263 | L7: =MIN(C7:K7)*100 -> 30.185759 | M7: Lysine
A8: Maize/corn | B8: Cereal & cereal products | C8: ='Total and digestible IAA'!AH8/$C$2 -> 0.32085561 | D8: ='Total and digestible IAA'!AI8/$D$2 -> 0.70738636 | E8: ='Total and digestible IAA'!AJ8/$E$2 -> 0.6 | F8: ='Total and digestible IAA'!AK8/$F$2 -> 1.1889205 | G8: ='Total and digestible IAA'!AL8/$G$2 -> 0.35573123 | H8: ='Total and digestible IAA'!AM8/$H$2 -> 1.2696281 | I8: ='Total and digestible IAA'!AN8/$I$2 -> 0.87560445 | J8: ='Total and digestible IAA'!AO8/$J$2 -> 0.79090909 | K8: ='Total and digestible IAA'!AP8/$K$2 -> 1.2521645 | L8: =MIN(C8:K8)*100 -> 32.085561 | M8: Tryptophan
A9: Maize (extruded)/extruded corn | B9: Cereal & cereal products | C9: ='Total and digestible IAA'!AH9/$C$2 -> 0.3328877 | D9: ='Total and digestible IAA'!AI9/$D$2 -> 0.69034091 | E9: ='Total and digestible IAA'!AJ9/$E$2 -> 0.59318182 | F9: ='Total and digestible IAA'!AK9/$F$2 -> 1.1633523 | G9: ='Total and digestible IAA'!AL9/$G$2 -> 0.35128458 | H9: ='Total and digestible IAA'!AM9/$H$2 -> 1.2413912 | I9: ='Total and digestible IAA'!AN9/$I$2 -> 0.86593327 | J9: ='Total and digestible IAA'!AO9/$J$2 -> 0.78181818 | K9: ='Total and digestible IAA'!AP9/$K$2 -> 1.224026 | L9: =MIN(C9:K9)*100 -> 33.28877 | M9: Tryptophan
A10: Maize (flaked)/flaked corn/rolled corn | B10: Cereal & cereal products | C10: ='Total and digestible IAA'!AH10/$C$2 -> 0.3328877 | D10: ='Total and digestible IAA'!AI10/$D$2 -> 0.69034091 | E10: ='Total and digestible IAA'!AJ10/$E$2 -> 0.59318182 | F10: ='Total and digestible IAA'!AK10/$F$2 -> 1.1633523 | G10: ='Total and digestible IAA'!AL10/$G$2 -> 0.35128458 | H10: ='Total and digestible IAA'!AM10/$H$2 -> 1.2413912 | I10: ='Total and digestible IAA'!AN10/$I$2 -> 0.86593327 | J10: ='Total and digestible IAA'!AO10/$J$2 -> 0.78181818 | K10: ='Total and digestible IAA'!AP10/$K$2 -> 1.224026 | L10: =MIN(C10:K10)*100 -> 33.28877 | M10: Tryptophan
A11: Maize (high moisure)/humid corn - 60-70% dry matter, raw | B11: Cereal & cereal products | C11: ='Total and digestible IAA'!AH11/$C$2 -> 0.30690537 | D11: ='Total and digestible IAA'!AI11/$D$2 -> 0.69713439 | E11: ='Total and digestible IAA'!AJ11/$E$2 -> 0.59130435 | F11: ='Total and digestible IAA'!AK11/$F$2 -> 1.2004076 | G11: ='Total and digestible IAA'!AL11/$G$2 -> 0.35286704 | H11: ='Total and digestible IAA'!AM11/$H$2 -> 1.236166 | I11: ='Total and digestible IAA'!AN11/$I$2 -> 0.87939408 | J11: ='Total and digestible IAA'!AO11/$J$2 -> 0.79090909 | K11: ='Total and digestible IAA'!AP11/$K$2 -> 1.2437888 | L11: =MIN(C11:K11)*100 -> 30.690537 | M11: Tryptophan
A12: Maize bran | B12: Cereal & cereal products | C12: ='Total and digestible IAA'!AH12/$C$2 -> 0.30225282 | D12: ='Total and digestible IAA'!AI12/$D$2 -> 0.55851064 | E12: ='Total and digestible IAA'!AJ12/$E$2 -> 0.49148936 | F12: ='Total and digestible IAA'!AK12/$F$2 -> 0.9424867 | G12: ='Total and digestible IAA'!AL12/$G$2 -> 0.31452359 | H12: ='Total and digestible IAA'!AM12/$H$2 -> 1.0022566 | I12: ='Total and digestible IAA'!AN12/$I$2 -> 0.7062019 | J12: ='Total and digestible IAA'!AO12/$J$2 -> 0.71489362 | K12: ='Total and digestible IAA'!AP12/$K$2 -> 1.0942249 | L12: =MIN(C12:K12)*100 -> 30.225282 | M12: Tryptophan
A13: Maize, yellow dent (7,5% protein) | B13: Cereal & cereal products | C13: ='Total and digestible IAA'!AH13/$C$2 -> 0.2745098 | D13: ='Total and digestible IAA'!AI13/$D$2 -> 0.48787879 | E13: ='Total and digestible IAA'!AJ13/$E$2 -> 0.42375758 | F13: ='Total and digestible IAA'!AK13/$F$2 -> 0.82833333 | G13: ='Total and digestible IAA'!AL13/$G$2 -> 0.33333333 | H13: ='Total and digestible IAA'!AM13/$H$2 -> 0.94464646 | I13: ='Total and digestible IAA'!AN13/$I$2 -> 0.55702128 | J13: ='Total and digestible IAA'!AO13/$J$2 -> 0.58181818 | K13: ='Total and digestible IAA'!AP13/$K$2 -> 1.0012698 | L13: =MIN(C13:K13)*100 -> 27.45098 | M13: Tryptophan
A14: Maize, nutridense (8,8% protein) | B14: Cereal & cereal products | C14: ='Total and digestible IAA'!AH14/$C$2 -> 0.24398396 | D14: ='Total and digestible IAA'!AI14/$D$2 -> 0.52995868 | E14: ='Total and digestible IAA'!AJ14/$E$2 -> 0.50206612 | F14: ='Total and digestible IAA'!AK14/$F$2 -> 1.0227273 | G14: ='Total and digestible IAA'!AL14/$G$2 -> 0.37730567 | H14: ='Total and digestible IAA'!AM14/$H$2 -> 1.012741 | I14: ='Total and digestible IAA'!AN14/$I$2 -> 0.6615087 | J14: ='Total and digestible IAA'!AO14/$J$2 -> 0.67768595 | K14: ='Total and digestible IAA'!AP14/$K$2 -> 1.224026 | L14: =MIN(C14:K14)*100 -> 24.398396 | M14: Tryptophan
A15: Maize, high lysine | B15: Cereal & cereal products
A16: Millet, finger | B16: Cereal & cereal products
A17: Millet, pearl (Penisetum glaucum (l) R. Br)/candle millet/dark millet/bajra/Indian millet/horse millet/bulrush millet/cattail millet | B17: Cereal & cereal products | C17: ='Total and digestible IAA'!AH17/$C$2 -> 0.95247059 | D17: ='Total and digestible IAA'!AI17/$D$2 -> 0.77509091 | E17: ='Total and digestible IAA'!AJ17/$E$2 -> 0.728 | F17: ='Total and digestible IAA'!AK17/$F$2 -> 1.2436667 | G17: ='Total and digestible IAA'!AL17/$G$2 -> 0.30910145 | H17: ='Total and digestible IAA'!AM17/$H$2 -> 1.5301818 | I17: ='Total and digestible IAA'!AN17/$I$2 -> 0.77157447 | J17: ='Total and digestible IAA'!AO17/$J$2 -> 0.89018182 | K17: ='Total and digestible IAA'!AP17/$K$2 -> 1.016381 | L17: =MIN(C17:K17)*100 -> 30.910145 | M17: Lysine
A18: Millet, proso (Panicum miliaceum L.)/common millet/broomtail millet/hog millet/white millet/broomcorn millet | B18: Cereal & cereal products | C18: ='Total and digestible IAA'!AH18/$C$2 -> 0.82932891 | D18: ='Total and digestible IAA'!AI18/$D$2 -> 0.65685019 | E18: ='Total and digestible IAA'!AJ18/$E$2 -> 0.6637644 | F18: ='Total and digestible IAA'!AK18/$F$2 -> 1.1568369 | G18: ='Total and digestible IAA'!AL18/$G$2 -> 0.25147989 | H18: ='Total and digestible IAA'!AM18/$H$2 -> 1.4244558 | I18: ='Total and digestible IAA'!AN18/$I$2 -> 0.7108181 | J18: ='Total and digestible IAA'!AO18/$J$2 -> 0.77887324 | K18: ='Total and digestible IAA'!AP18/$K$2 -> 0.85244802 | L18: =MIN(C18:K18)*100 -> 25.147989 | M18: Lysine
A19: Oat groats (Avena sativa L.)/oat grain from whuch hulls have been removed | B19: Cereal & cereal products | C19: ='Total and digestible IAA'!AH19/$C$2 -> 0.60294118 | D19: ='Total and digestible IAA'!AI19/$D$2 -> 0.63920455 | E19: ='Total and digestible IAA'!AJ19/$E$2 -> 0.57769886 | F19: ='Total and digestible IAA'!AK19/$F$2 -> 0.63492839 | G19: ='Total and digestible IAA'!AL19/$G$2 -> 0.47407156 | H19: ='Total and digestible IAA'!AM19/$H$2 -> 1.2476326 | I19: ='Total and digestible IAA'!AN19/$I$2 -> 0.77335439 | J19: ='Total and digestible IAA'!AO19/$J$2 -> 0.78238636 | K19: ='Total and digestible IAA'!AP19/$K$2 -> 0.86458333 | L19: =MIN(C19:K19)*100 -> 47.407156 | M19: Lysine
A20: Oats (Avena sativa L.) | B20: Cereal & cereal products | C20: ='Total and digestible IAA'!AH20/$C$2 -> 0.53287197 | D20: ='Total and digestible IAA'!AI20/$D$2 -> 0.56149733 | E20: ='Total and digestible IAA'!AJ20/$E$2 -> 0.54188948 | F20: ='Total and digestible IAA'!AK20/$F$2 -> 0.62806373 | G20: ='Total and digestible IAA'!AL20/$G$2 -> 0.45353794 | H20: ='Total and digestible IAA'!AM20/$H$2 -> 1.077243 | I20: ='Total and digestible IAA'!AN20/$I$2 -> 0.71652065 | J20: ='Total and digestible IAA'!AO20/$J$2 -> 0.74634581 | K20: ='Total and digestible IAA'!AP20/$K$2 -> 0.87301587 | L20: =MIN(C20:K20)*100 -> 45.353794 | M20: Lysine
A21: Oats (Avena sativa L.) | B21: Cereal & cereal products | C21: ='Total and digestible IAA'!AH21/$C$2 -> 0.59477124 | D21: ='Total and digestible IAA'!AI21/$D$2 -> 0.55176768 | E21: ='Total and digestible IAA'!AJ21/$E$2 -> 0.5452862 | F21: ='Total and digestible IAA'!AK21/$F$2 -> 0.6171875 | G21: ='Total and digestible IAA'!AL21/$G$2 -> 0.44082126 | H21: ='Total and digestible IAA'!AM21/$H$2 -> 1.2053872 | I21: ='Total and digestible IAA'!AN21/$I$2 -> 0.7462569 | J21: ='Total and digestible IAA'!AO21/$J$2 -> 0.73888889 | K21: ='Total and digestible IAA'!AP21/$K$2 -> 0.84171076 | L21: =MIN(C21:K21)*100 -> 44.082126 | M21: Lysine
A22: Oats, flaked/flaked or rolled oat grain | B22: Cereal & cereal products | C22: ='Total and digestible IAA'!AH22/$C$2 -> 0.59477124 | D22: ='Total and digestible IAA'!AI22/$D$2 -> 0.55176768 | E22: ='Total and digestible IAA'!AJ22/$E$2 -> 0.5452862 | F22: ='Total and digestible IAA'!AK22/$F$2 -> 0.6171875 | G22: ='Total and digestible IAA'!AL22/$G$2 -> 0.44082126 | H22: ='Total and digestible IAA'!AM22/$H$2 -> 1.2053872 | I22: ='Total and digestible IAA'!AN22/$I$2 -> 0.79038613 | J22: ='Total and digestible IAA'!AO22/$J$2 -> 0.73888889 | K22: ='Total and digestible IAA'!AP22/$K$2 -> 0.84171076 | L22: =MIN(C22:K22)*100 -> 44.082126 | M22: Lysine
A23: Oats, dehulled (13,1% protein) | B23: Cereal & cereal products | C23: ='Total and digestible IAA'!AH23/$C$2 -> 0.36820835 | D23: ='Total and digestible IAA'!AI23/$D$2 -> 0.60426787 | E23: ='Total and digestible IAA'!AJ23/$E$2 -> 0.61582235 | F23: ='Total and digestible IAA'!AK23/$F$2 -> 0.67795802 | G23: ='Total and digestible IAA'!AL23/$G$2 -> 0.54231663 | H23: ='Total and digestible IAA'!AM23/$H$2 -> 1.1913023 | I23: ='Total and digestible IAA'!AN23/$I$2 -> 0.72161767 | J23: ='Total and digestible IAA'!AO23/$J$2 -> 0.83761277 | K23: ='Total and digestible IAA'!AP23/$K$2 -> 1.0236278 | L23: =MIN(C23:K23)*100 -> 36.820835 | M23: Tryptophan
A24: Rice | B24: Cereal & cereal products | C24: ='Total and digestible IAA'!AH24/$C$2 -> 0.6040724 | D24: ='Total and digestible IAA'!AI24/$D$2 -> 0.69289044 | E24: ='Total and digestible IAA'!AJ24/$E$2 -> 0.50699301 | F24: ='Total and digestible IAA'!AK24/$F$2 -> 0.61658654 | G24: ='Total and digestible IAA'!AL24/$G$2 -> 0.56410256 | H24: ='Total and digestible IAA'!AM24/$H$2 -> 1.1752137 | I24: ='Total and digestible IAA'!AN24/$I$2 -> 0.72490453 | J24: ='Total and digestible IAA'!AO24/$J$2 -> 0.88205128 | K24: ='Total and digestible IAA'!AP24/$K$2 -> 1.2692308 | L24: =MIN(C24:K24)*100 -> 50.699301 | M24: Isoleucine
A25: Rice, brown (Oryza sativa L.)/unpolished rice without the hulls but with the outer grain layers | B25: Cereal & cereal products | C25: ='Total and digestible IAA'!AH25/$C$2 -> 0.85714286 | D25: ='Total and digestible IAA'!AI25/$D$2 -> 0.69090909 | E25: ='Total and digestible IAA'!AJ25/$E$2 -> 0.69991342 | F25: ='Total and digestible IAA'!AK25/$F$2 -> 0.73333333 | G25: ='Total and digestible IAA'!AL25/$G$2 -> 0.46293996 | H25: ='Total and digestible IAA'!AM25/$H$2 -> 1.0334776 | I25: ='Total and digestible IAA'!AN25/$I$2 -> 0.88824721 | J25: ='Total and digestible IAA'!AO25/$J$2 -> 0.90839827 | K25: ='Total and digestible IAA'!AP25/$K$2 -> 0.95782313 | L25: =MIN(C25:K25)*100 -> 46.293996 | M25: Lysine
A26: Rice, paddy/whole rice grain with the hulls included | B26: Cereal & cereal products | C26: ='Total and digestible IAA'!AH26/$C$2 -> 0.78892734 | D26: ='Total and digestible IAA'!AI26/$D$2 -> 0.62165775 | E26: ='Total and digestible IAA'!AJ26/$E$2 -> 0.65026738 | F26: ='Total and digestible IAA'!AK26/$F$2 -> 0.67328431 | G26: ='Total and digestible IAA'!AL26/$G$2 -> 0.40920716 | H26: ='Total and digestible IAA'!AM26/$H$2 -> 1.0377897 | I26: ='Total and digestible IAA'!AN26/$I$2 -> 0.81163955 | J26: ='Total and digestible IAA'!AO26/$J$2 -> 0.8342246 | K26: ='Total and digestible IAA'!AP26/$K$2 -> 0.85154062 | L26: =MIN(C26:K26)*100 -> 40.920716 | M26: Lysine
A27: Rice, polished, broken (byproduct of the polishing process consisting of small or broken grains) | B27: Cereal & cereal products | C27: ='Total and digestible IAA'!AH27/$C$2 -> 0.97186701 | D27: ='Total and digestible IAA'!AI27/$D$2 -> 0.76630435 | E27: ='Total and digestible IAA'!AJ27/$E$2 -> 0.76166008 | F27: ='Total and digestible IAA'!AK27/$F$2 -> 0.78521286 | G27: ='Total and digestible IAA'!AL27/$G$2 -> 0.51827347 | H27: ='Total and digestible IAA'!AM27/$H$2 -> 1.1765481 | I27: ='Total and digestible IAA'!AN27/$I$2 -> 0.88066605 | J27: ='Total and digestible IAA'!AO27/$J$2 -> 1.013834 | K27: ='Total and digestible IAA'!AP27/$K$2 -> 1.0217391 | L27: =MIN(C27:K27)*100 -> 51.827347 | M27: Lysine
A28: Rice, white, polished (9,0% protein) | B28: Cereal & cereal products | C28: ='Total and digestible IAA'!AH28/$C$2 -> 0.43464052 | D28: ='Total and digestible IAA'!AI28/$D$2 -> 0.62045455 | E28: ='Total and digestible IAA'!AJ28/$E$2 -> 0.65050505 | F28: ='Total and digestible IAA'!AK28/$F$2 -> 0.71805556 | G28: ='Total and digestible IAA'!AL28/$G$2 -> 0.44444444 | H28: ='Total and digestible IAA'!AM28/$H$2 -> 1.273064 | I28: ='Total and digestible IAA'!AN28/$I$2 -> 0.72174941 | J28: ='Total and digestible IAA'!AO28/$J$2 -> 0.93050505 | K28: ='Total and digestible IAA'!AP28/$K$2 -> 1.0111111 | L28: =MIN(C28:K28)*100 -> 43.464052 | M28: Tryptophan
... A69: Chickpea, kabuli type (Cicer arietinum L.) | B69: Legumes & oilseeds | C69: ='Total and digestible IAA'!AH69/$C$2 -> 0.4584369 | D69: ='Total and digestible IAA'!AI69/$D$2 -> 0.62441315 | E69: ='Total and digestible IAA'!AJ69/$E$2 -> 0.58096458 | F69: ='Total and digestible IAA'!AK69/$F$2 -> 0.65610329 | G69: ='Total and digestible IAA'!AL69/$G$2 -> 0.92100429 | H69: ='Total and digestible IAA'!AM69/$H$2 -> 0.65841514 | I69: ='Total and digestible IAA'!AN69/$I$2 -> 0.73788832 | J69: ='Total and digestible IAA'!AO69/$J$2 -> 0.59462228 | K69: ='Total and digestible IAA'!AP69/$K$2 -> 1.0503018 | L69: =MIN(C69:K69)*100 -> 45.84369 | M69: Tryptophan
A70: Chickpea, pressure cooked (Kabuli), (Cicer arietinum) garbanzo bean, var KAK-2, India (22,9 g/100 g protein) | B70: Legumes & oilseeds | D70: ='Total and digestible IAA'!AI70/$D$2 -> 1.0922571 | E70: ='Total and digestible IAA'!AJ70/$E$2 -> 0.65189708 | F70: ='Total and digestible IAA'!AK70/$F$2 -> 0.55978794 | G70: ='Total and digestible IAA'!AL70/$G$2 -> 0.54608544 | H70: ='Total and digestible IAA'!AM70/$H$2 -> 0.22772866 | I70: ='Total and digestible IAA'!AN70/$I$2 -> 0.50294606 | J70: ='Total and digestible IAA'!AO70/$J$2 -> 0.59581334 | L70: =MIN(C70:K70)*100 -> 22.772866 | M70: SAA | N70: Values for TRP, CYS, TYR and HIS not reported
A71: Chickpeas (Xinying No1 Y2-12, Chinese variety), 25,3% protein | B71: Legumes & oilseeds | C71: ='Total and digestible IAA'!AH71/$C$2 -> 0.44450128 | D71: ='Total and digestible IAA'!AI71/$D$2 -> 0.52067912 | E71: ='Total and digestible IAA'!AJ71/$E$2 -> 0.51190801 | F71: ='Total and digestible IAA'!AK71/$F$2 -> 0.84395998 | G71: ='Total and digestible IAA'!AL71/$G$2 -> 0.65736381 | H71: ='Total and digestible IAA'!AM71/$H$2 -> 0.9482453 | I71: ='Total and digestible IAA'!AN71/$I$2 -> 0.44017745 | J71: ='Total and digestible IAA'!AO71/$J$2 -> 0.51544377 | K71: ='Total and digestible IAA'!AP71/$K$2 -> 0.88819876 | L71: =MIN(C71:K71)*100 -> 44.017745 | M71: Tryptophan
A72: Coconut (extracted) | B72: Legumes & oilseeds
A73: Common bean (Phaseolus vulgaris L.) | B73: Legumes & oilseeds | C73: ='Total and digestible IAA'!AH73/$C$2 -> 0.54240491 | D73: ='Total and digestible IAA'!AI73/$D$2 -> 0.74224169 | E73: ='Total and digestible IAA'!AJ73/$E$2 -> 0.57305586 | F73: ='Total and digestible IAA'!AK73/$F$2 -> 0.59107262 | G73: ='Total and digestible IAA'!AL73/$G$2 -> 0.81136139 | H73: ='Total and digestible IAA'!AM73/$H$2 -> 0.5958379 | I73: ='Total and digestible IAA'!AN73/$I$2 -> 0.69302743 | J73: ='Total and digestible IAA'!AO73/$J$2 -> 0.60752099 | K73: ='Total and digestible IAA'!AP73/$K$2 -> 0.82042456 | L73: =MIN(C73:K73)*100 -> 54.240491 | M73: Tryptophan
A74: Common vetch (Vicia sativa L.) | B74: Legumes & oilseeds | C74: ='Total and digestible IAA'!AH74/$C$2 -> 0.40532114 | D74: ='Total and digestible IAA'!AI74/$D$2 -> 0.56890459 | E74: ='Total and digestible IAA'!AJ74/$E$2 -> 0.5308063 | F74: ='Total and digestible IAA'!AK74/$F$2 -> 0.54074647 | G74: ='Total and digestible IAA'!AL74/$G$2 -> 0.63112613 | H74: ='Total and digestible IAA'!AM74/$H$2 -> 0.5717957 | I74: ='Total and digestible IAA'!AN74/$I$2 -> 0.57529509 | J74: ='Total and digestible IAA'!AO74/$J$2 -> 0.76582075 | K74: ='Total and digestible IAA'!AP74/$K$2 -> 0.96365472 | L74: =MIN(C74:K74)*100 -> 40.532114 | M74: Tryptophan
A75: Cotton seed, whole/full-fat cotton seed (Gossypium spp.) | B75: Legumes & oilseeds | C75: ='Total and digestible IAA'!AH75/$C$2 -> 0.51176471 | D75: ='Total and digestible IAA'!AI75/$D$2 -> 0.55733471 | E75: ='Total and digestible IAA'!AJ75/$E$2 -> 0.44644628 | F75: ='Total and digestible IAA'!AK75/$F$2 -> 0.46875 | G75: ='Total and digestible IAA'!AL75/$G$2 -> 0.43847167 | H75: ='Total and digestible IAA'!AM75/$H$2 -> 0.67410468 | I75: ='Total and digestible IAA'!AN75/$I$2 -> 0.68612186 | J75: ='Total and digestible IAA'!AO75/$J$2 -> 0.51487603 | K75: ='Total and digestible IAA'!AP75/$K$2 -> 1.2779221 | L75: =MIN(C75:K75)*100 -> 43.847167 | M75: Lysine
A76: Cotton seed, whole, extruded/full-fat cotton seed (Gossypium spp) | B76: Legumes & oilseeds | C76: ='Total and digestible IAA'!AH76/$C$2 -> 0.51176471 | D76: ='Total and digestible IAA'!AI76/$D$2 -> 0.55733471 | E76: ='Total and digestible IAA'!AJ76/$E$2 -> 0.44644628 | F76: ='Total and digestible IAA'!AK76/$F$2 -> 0.46875 | G76: ='Total and digestible IAA'!AL76/$G$2 -> 0.43847167 | H76: ='Total and digestible IAA'!AM76/$H$2 -> 0.67410468 | I76: ='Total and digestible IAA'!AN76/$I$2 -> 0.68612186 | J76: ='Total and digestible IAA'!AO76/$J$2 -> 0.51487603 | K76: ='Total and digestible IAA'!AP76/$K$2 -> 1.2779221 | L76: =MIN(C76:K76)*100 -> 43.847167 | M76: Lysine
A77: Cowpea seed (Vigna unguicuilata (L) Walp) | B77: Legumes & oilseeds | C77: ='Total and digestible IAA'!AH77/$C$2 -> 0.54023529 | D77: ='Total and digestible IAA'!AI77/$D$2 -> 0.69954545 | E77: ='Total and digestible IAA'!AJ77/$E$2 -> 0.61090909 | F77: ='Total and digestible IAA'!AK77/$F$2 -> 0.6665 | G77: ='Total and digestible IAA'!AL77/$G$2 -> 0.77484058 | H77: ='Total and digestible IAA'!AM77/$H$2 -> 0.65721212 | I77: ='Total and digestible IAA'!AN77/$I$2 -> 0.7726383 | J77: ='Total and digestible IAA'!AO77/$J$2 -> 0.70625455 | K77: ='Total and digestible IAA'!AP77/$K$2 -> 1.327619 | L77: =MIN(C77:K77)*100 -> 54.023529 | M77: Tryptophan
A78: Faba bean, coloured flowers, high tannin | B78: Legumes & oilseeds | C78: ='Total and digestible IAA'!AH78/$C$2 -> 0.33499501 | D78: ='Total and digestible IAA'!AI78/$D$2 -> 0.64714946 | E78: ='Total and digestible IAA'!AJ78/$E$2 -> 0.60647149 | F78: ='Total and digestible IAA'!AK78/$F$2 -> 0.66440678 | G78: ='Total and digestible IAA'!AL78/$G$2 -> 0.80176861 | H78: ='Total and digestible IAA'!AM78/$H$2 -> 0.45002568 | I78: ='Total and digestible IAA'!AN78/$I$2 -> 0.64572665 | J78: ='Total and digestible IAA'!AO78/$J$2 -> 0.64758089 | K78: ='Total and digestible IAA'!AP78/$K$2 -> 1.0290557 | L78: =MIN(C78:K78)*100 -> 33.499501 | M78: Tryptophan
A79: Faba bean, colored flowers, high tannin, extruded, horse bean/field bean (Vicia faba L.) | B79: Legumes & oilseeds | C79: ='Total and digestible IAA'!AH79/$C$2 -> 0.33978066 | D79: ='Total and digestible IAA'!AI79/$D$2 -> 0.65523883 | E79: ='Total and digestible IAA'!AJ79/$E$2 -> 0.60647149 | F79: ='Total and digestible IAA'!AK79/$F$2 -> 0.67231638 | G79: ='Total and digestible IAA'!AL79/$G$2 -> 0.82063375 | H79: ='Total and digestible IAA'!AM79/$H$2 -> 0.46625578 | I79: ='Total and digestible IAA'!AN79/$I$2 -> 0.65019834 | J79: ='Total and digestible IAA'!AO79/$J$2 -> 0.66397535 | K79: ='Total and digestible IAA'!AP79/$K$2 -> 1.0290557 | L79: =MIN(C79:K79)*100 -> 33.978066 | M79: Tryptophan
A80: Faba bean, low tannin white flowers/horse bean/field bean (Vicia faba L.) | B80: Legumes & oilseeds | C80: ='Total and digestible IAA'!AH80/$C$2 -> 0.3688292 | D80: ='Total and digestible IAA'!AI80/$D$2 -> 0.68137971 | E80: ='Total and digestible IAA'!AJ80/$E$2 -> 0.61876644 | F80: ='Total and digestible IAA'!AK80/$F$2 -> 0.68770096 | G80: ='Total and digestible IAA'!AL80/$G$2 -> 0.82948879 | H80: ='Total and digestible IAA'!AM80/$H$2 -> 0.48445874 | I80: ='Total and digestible IAA'!AN80/$I$2 -> 0.67472806 | J80: ='Total and digestible IAA'!AO80/$J$2 -> 0.68418591 | K80: ='Total and digestible IAA'!AP80/$K$2 -> 1.076558 | L80: =MIN(C80:K80)*100 -> 36.88292 | M80: Tryptophan
A81: Groundnut flour/peanut flour, dehulled (46,6 g/00 g protein) | B81: Legumes & oilseeds | C81: ='Total and digestible IAA'!AH81/$C$2 -> 0.49242616 | D81: ='Total and digestible IAA'!AI81/$D$2 -> 0.47019118 | E81: ='Total and digestible IAA'!AJ81/$E$2 -> 0.58796723 | F81: ='Total and digestible IAA'!AK81/$F$2 -> 0.63407994 | G81: ='Total and digestible IAA'!AL81/$G$2 -> 0.24197611 | H81: ='Total and digestible IAA'!AM81/$H$2 -> 0.55262063 | I81: ='Total and digestible IAA'!AN81/$I$2 -> 0.88998722 | J81: ='Total and digestible IAA'!AO81/$J$2 -> 0.70230199 | K81: ='Total and digestible IAA'!AP81/$K$2 -> 0.94580012 | L81: =MIN(C81:K81)*100 -> 24.197611 | M81: Lysine
A82: Kidney bean, cooked (Ziyun No.2, Chinese variety), 26,2% protein | B82: Legumes & oilseeds | C82: ='Total and digestible IAA'!AH82/$C$2 -> 0.43724742 | D82: ='Total and digestible IAA'!AI82/$D$2 -> 0.65359126 | E82: ='Total and digestible IAA'!AJ82/$E$2 -> 0.59883414 | F82: ='Total and digestible IAA'!AK82/$F$2 -> 0.69473203 | G82: ='Total and digestible IAA'!AL82/$G$2 -> 0.7769001 | H82: ='Total and digestible IAA'!AM82/$H$2 -> 0.51566042 | I82: ='Total and digestible IAA'!AN82/$I$2 -> 0.5847247 | J82: ='Total and digestible IAA'!AO82/$J$2 -> 0.69309507 | K82: ='Total and digestible IAA'!AP82/$K$2 -> 0.92420938 | L82: =MIN(C82:K82)*100 -> 43.724742 | M82: Tryptophan
A83: Lentils (Lens esculenta Moench) | B83: Legumes & oilseeds | C83: ='Total and digestible IAA'!AH83/$C$2 -> 0.32887701 | D83: ='Total and digestible IAA'!AI83/$D$2 -> 0.64152893 | E83: ='Total and digestible IAA'!AJ83/$E$2 -> 0.60165289 | F83: ='Total and digestible IAA'!AK83/$F$2 -> 0.60740215 | G83: ='Total and digestible IAA'!AL83/$G$2 -> 0.72924901 | H83: ='Total and digestible IAA'!AM83/$H$2 -> 0.50114784 | I83: ='Total and digestible IAA'!AN83/$I$2 -> 0.64172308 | J83: ='Total and digestible IAA'!AO83/$J$2 -> 0.62878788 | K83: ='Total and digestible IAA'!AP83/$K$2 -> 0.96176046 | L83: =MIN(C83:K83)*100 -> 32.887701 | M83: Tryptophan
A84: Lentils, raw, red (Lens culinaris), 24,7 g/100 g protein | B84: Legumes & oilseeds | C84: ='Total and digestible IAA'!AH84/$C$2 -> 0.28806859 | D84: ='Total and digestible IAA'!AI84/$D$2 -> 0.63240707 | E84: ='Total and digestible IAA'!AJ84/$E$2 -> 0.62423261 | F84: ='Total and digestible IAA'!AK84/$F$2 -> 0.58636977 | G84: ='Total and digestible IAA'!AL84/$G$2 -> 0.80396644 | H84: ='Total and digestible IAA'!AM84/$H$2 -> 0.40493191 | I84: ='Total and digestible IAA'!AN84/$I$2 -> 0.6622362 | J84: ='Total and digestible IAA'!AO84/$J$2 -> 0.68281192 | K84: ='Total and digestible IAA'!AP84/$K$2 -> 0.90655485 | L84: =MIN(C84:K84)*100 -> 28.806859 | M84: Tryptophan
... A91: Lupin, white, extruded (Lupinus albus L.) | B91: Legumes & oilseeds | C91: ='Total and digestible IAA'!AH91/$C$2 -> 0.31393189 | D91: ='Total and digestible IAA'!AI91/$D$2 -> 0.65777512 | E91: ='Total and digestible IAA'!AJ91/$E$2 -> 0.73263158 | F91: ='Total and digestible IAA'!AK91/$F$2 -> 0.65065789 | G91: ='Total and digestible IAA'!AL91/$G$2 -> 0.57856598 | H91: ='Total and digestible IAA'!AM91/$H$2 -> 0.56363636 | I91: ='Total and digestible IAA'!AN91/$I$2 -> 0.79734043 | J91: ='Total and digestible IAA'!AO91/$J$2 -> 0.58066986 | K91: ='Total and digestible IAA'!AP91/$K$2 -> 0.89448622 | L91: =MIN(C91:K91)*100 -> 31.393189 | M91: Tryptophan
A92: Mung bean (Vigna radiata, var. KKM-3), India (24,9 g/100 g protein) | B92: Legumes & oilseeds | D92: ='Total and digestible IAA'!AI92/$D$2 -> 0.49573522 | E92: ='Total and digestible IAA'!AJ92/$E$2 -> 0.58022891 | F92: ='Total and digestible IAA'!AK92/$F$2 -> 0.49337159 | G92: ='Total and digestible IAA'!AL92/$G$2 -> 0.5894146 | J92: ='Total and digestible IAA'!AO92/$J$2 -> 0.60301815 | L92: =MIN(C92:K92)*100 -> 49.337159 | M92: Leucine | N92: Values for TRP, CYS, TYR and HIS not reported
A93: Mung bean, dehulled (Vigna radiata, var. KKM-3), India (25,7 g/100 g protein) | B93: Legumes & oilseeds | D93: ='Total and digestible IAA'!AI93/$D$2 -> 0.63974067 | E93: ='Total and digestible IAA'!AJ93/$E$2 -> 0.61680211 | F93: ='Total and digestible IAA'!AK93/$F$2 -> 0.56838498 | G93: ='Total and digestible IAA'!AL93/$G$2 -> 0.58773672 | J93: ='Total and digestible IAA'!AO93/$J$2 -> 0.71658179 | L93: =MIN(C93:K93)*100 -> 56.838498 | M93: Leucine | N93: Values for TRP, CYS, TYR and HIS not reported
A94: Mung bean, cooked (Yulc No.1, Chinese variety), 26,1% protein | B94: Legumes & oilseeds | C94: ='Total and digestible IAA'!AH94/$C$2 -> 0.44462475 | D94: ='Total and digestible IAA'!AI94/$D$2 -> 0.53570185 | E94: ='Total and digestible IAA'!AJ94/$E$2 -> 0.58397771 | F94: ='Total and digestible IAA'!AK94/$F$2 -> 0.67978927 | G94: ='Total and digestible IAA'!AL94/$G$2 -> 0.78885557 | H94: ='Total and digestible IAA'!AM94/$H$2 -> 0.69990712 | I94: ='Total and digestible IAA'!AN94/$I$2 -> 0.65522133 | J94: ='Total and digestible IAA'!AO94/$J$2 -> 0.68062696 | K94: ='Total and digestible IAA'!AP94/$K$2 -> 1.0188287 | L94: =MIN(C94:K94)*100 -> 44.462475 | M94: Tryptophan
A95: Pea (Pisum sativum L.) | B95: Legumes & oilseeds | C95: ='Total and digestible IAA'!AH95/$C$2 -> 0.36859379 | D95: ='Total and digestible IAA'!AI95/$D$2 -> 0.6597737 | E95: ='Total and digestible IAA'!AJ95/$E$2 -> 0.60413578 | F95: ='Total and digestible IAA'!AK95/$F$2 -> 0.59370529 | G95: ='Total and digestible IAA'!AL95/$G$2 -> 0.8776513 | H95: ='Total and digestible IAA'!AM95/$H$2 -> 0.53895175 | I95: ='Total and digestible IAA'!AN95/$I$2 -> 0.67176514 | J95: ='Total and digestible IAA'!AO95/$J$2 -> 0.66094421 | K95: ='Total and digestible IAA'!AP95/$K$2 -> 1.0128755 | L95: =MIN(C95:K95)*100 -> 36.859379 | M95: Tryptophan
A96: Pea (Pisum sativum L.) | B96: Legumes & oilseeds | C96: ='Total and digestible IAA'!AH96/$C$2 -> 0.35989568 | D96: ='Total and digestible IAA'!AI96/$D$2 -> 0.6213614 | E96: ='Total and digestible IAA'!AJ96/$E$2 -> 0.57241379 | F96: ='Total and digestible IAA'!AK96/$F$2 -> 0.56896552 | G96: ='Total and digestible IAA'!AL96/$G$2 -> 0.83272649 | H96: ='Total and digestible IAA'!AM96/$H$2 -> 0.54933572 | I96: ='Total and digestible IAA'!AN96/$I$2 -> 0.65223771 | J96: ='Total and digestible IAA'!AO96/$J$2 -> 0.61639051 | K96: ='Total and digestible IAA'!AP96/$K$2 -> 0.96903589 | L96: =MIN(C96:K96)*100 -> 35.989568 | M96: Tryptophan
A97: Pea, extruded (Pisum sativum L.) | B97: Legumes & oilseeds | C97: ='Total and digestible IAA'!AH97/$C$2 -> 0.44938147 | D97: ='Total and digestible IAA'!AI97/$D$2 -> 0.78131096 | E97: ='Total and digestible IAA'!AJ97/$E$2 -> 0.69590324 | F97: ='Total and digestible IAA'!AK97/$F$2 -> 0.68276109 | G97: ='Total and digestible IAA'!AL97/$G$2 -> 0.98339242 | H97: ='Total and digestible IAA'!AM97/$H$2 -> 0.6234881 | I97: ='Total and digestible IAA'!AN97/$I$2 -> 0.78038535 | J97: ='Total and digestible IAA'!AO97/$J$2 -> 0.7639485 | K97: ='Total and digestible IAA'!AP97/$K$2 -> 1.133456 | L97: =MIN(C97:K97)*100 -> 44.938147 | M97: Tryptophan
A98: Pea protein concentrate | B98: Legumes & oilseeds | C98: ='Total and digestible IAA'!AH98/$C$2 -> 0.41745731 | D98: ='Total and digestible IAA'!AI98/$D$2 -> 0.46594982 | E98: ='Total and digestible IAA'!AJ98/$E$2 -> 0.61818182 | F98: ='Total and digestible IAA'!AK98/$F$2 -> 0.65979689 | G98: ='Total and digestible IAA'!AL98/$G$2 -> 0.84878708 | H98: ='Total and digestible IAA'!AM98/$H$2 -> 0.4599037 | I98: ='Total and digestible IAA'!AN98/$I$2 -> 0.70948677 | J98: ='Total and digestible IAA'!AO98/$J$2 -> 0.68282828 | K98: ='Total and digestible IAA'!AP98/$K$2 -> 1.1524151 | L98: =MIN(C98:K98)*100 -> 41.745731 | M98: Tryptophan
A99: Pea emulsion (soybean oil-in-water emulsion containing a pea isolate), 16.79 g/100 g protein) | B99: Legumes & oilseeds | C99: ='Total and digestible IAA'!AH99/$C$2 -> 1.7796307 | D99: ='Total and digestible IAA'!AI99/$D$2 -> 0.81298392 | E99: ='Total and digestible IAA'!AJ99/$E$2 -> 0.81953544 | F99: ='Total and digestible IAA'!AK99/$F$2 -> 0.84425253 | G99: ='Total and digestible IAA'!AL99/$G$2 -> 0.95641816 | H99: ='Total and digestible IAA'!AM99/$H$2 -> 0.38666594 | I99: ='Total and digestible IAA'!AN99/$I$2 -> 0.9135567 | J99: ='Total and digestible IAA'!AO99/$J$2 -> 0.83153392 | K99: ='Total and digestible IAA'!AP99/$K$2 -> 1.379903 | L99: =MIN(C99:K99)*100 -> 38.666594 | M99: SAA
A100: Peas, cooked (Dingwan No.4, Chinese variety), 24,3% protein | B100: Legumes & oilseeds | C100: ='Total and digestible IAA'!AH100/$C$2 -> 0.42217381 | D100: ='Total and digestible IAA'!AI100/$D$2 -> 0.62954545 | E100: ='Total and digestible IAA'!AJ100/$E$2 -> 0.5952862 | F100: ='Total and digestible IAA'!AK100/$F$2 -> 0.67772634 | G100: ='Total and digestible IAA'!AL100/$G$2 -> 0.85751774 | H100: ='Total and digestible IAA'!AM100/$H$2 -> 0.82255892 | I100: ='Total and digestible IAA'!AN100/$I$2 -> 0.45760441 | J100: ='Total and digestible IAA'!AO100/$J$2 -> 0.63866816 | K100: ='Total and digestible IAA'!AP100/$K$2 -> 1.0610229 | L100: =MIN(C100:K100)*100 -> 42.217381 | M100: Tryptophan
A101: Pea, yellow, pressure cooked (Pisum sativum; var. Salamanca) (24,4 g/100 g protein) | B101: Legumes & oilseeds | D101: ='Total and digestible IAA'!AI101/$D$2 -> 0.96944889 | E101: ='Total and digestible IAA'!AJ101/$E$2 -> 0.59167194 | F101: ='Total and digestible IAA'!AK101/$F$2 -> 0.48352436 | G101: ='Total and digestible IAA'!AL101/$G$2 -> 0.57838723 | J101: ='Total and digestible IAA'!AO101/$J$2 -> 0.62788673 | L101: =MIN(C101:K101)*100 -> 48.352436 | M101: Leucine | N101: Values for TRP, CYS, TYR and HIS not reported
A102: Pistachio nuts, raw (Pistacia vera L.), 27,1 g/100 g protein) | B102: Legumes & oilseeds | C102: ='Total and digestible IAA'!AH102/$C$2 -> 0.67749077 | D102: ='Total and digestible IAA'!AI102/$D$2 -> 0.53874539 | E102: ='Total and digestible IAA'!AJ102/$E$2 -> 0.64354244 | F102: ='Total and digestible IAA'!AK102/$F$2 -> 0.57503075 | G102: ='Total and digestible IAA'!AL102/$G$2 -> 0.59743302 | H102: ='Total and digestible IAA'!AM102/$H$2 -> 0.81205412 | I102: ='Total and digestible IAA'!AN102/$I$2 -> 0.70465573 | J102: ='Total and digestible IAA'!AO102/$J$2 -> 0.84825226 | K102: ='Total and digestible IAA'!AP102/$K$2 -> 0.82698998 | L102: =MIN(C102:K102)*100 -> 53.874539 | M102: Threonine
A103: Pistachio nuts, roasted (Pistacia vera L.), 25,1 g/100 g protein | B103: Legumes & oilseeds | C103: ='Total and digestible IAA'!AH103/$C$2 -> 0.53468479 | D103: ='Total and digestible IAA'!AI103/$D$2 -> 0.52426657 | E103: ='Total and digestible IAA'!AJ103/$E$2 -> 0.64010141 | F103: ='Total and digestible IAA'!AK103/$F$2 -> 0.57263446 | G103: ='Total and digestible IAA'!AL103/$G$2 -> 0.57353196 | H103: ='Total and digestible IAA'!AM103/$H$2 -> 0.81865266 | I103: ='Total and digestible IAA'!AN103/$I$2 -> 0.68804781 | J103: ='Total and digestible IAA'!AO103/$J$2 -> 0.84186889 | K103: ='Total and digestible IAA'!AP103/$K$2 -> 0.81138304 | L103: =MIN(C103:K103)*100 -> 52.426657 | M103: Threonine
A104: Rapeseed, whole (Brassica napus L., Brassica rapa L., Brassica juncea L.)/full-fat rapeseed/full-fat canola seed | B104: Legumes & oilseeds | C104: ='Total and digestible IAA'!AH104/$C$2 -> 0.555458 | D104: ='Total and digestible IAA'!AI104/$D$2 -> 0.77069199 | E104: ='Total and digestible IAA'!AJ104/$E$2 -> 0.51053822 | F104: ='Total and digestible IAA'!AK104/$F$2 -> 0.51145315 | G104: ='Total and digestible IAA'!AL104/$G$2 -> 0.70300671 | H104: ='Total and digestible IAA'!AM104/$H$2 -> 1.1403588 | I104: ='Total and digestible IAA'!AN104/$I$2 -> 0.52461099 | J104: ='Total and digestible IAA'!AO104/$J$2 -> 0.67752148 | K104: ='Total and digestible IAA'!AP104/$K$2 -> 0.88201848 | L104: =MIN(C104:K104)*100 -> 51.053822 | M104: Isoleucine/Leucine
A105: Rapeseed, whole, extruded (Brassica napus L., Brassica rapa L., Brassica juncea L.)/full-fat rapeseed/full-fat canola seed | B105: Legumes & oilseeds | C105: ='Total and digestible IAA'!AH105/$C$2 -> 0.555458 | D105: ='Total and digestible IAA'!AI105/$D$2 -> 0.77069199 | E105: ='Total and digestible IAA'!AJ105/$E$2 -> 0.51053822 | F105: ='Total and digestible IAA'!AK105/$F$2 -> 0.51145315 | G105: ='Total and digestible IAA'!AL105/$G$2 -> 0.70300671 | H105: ='Total and digestible IAA'!AM105/$H$2 -> 1.1403588 | I105: ='Total and digestible IAA'!AN105/$I$2 -> 0.52461099 | J105: ='Total and digestible IAA'!AO105/$J$2 -> 0.67752148 | K105: ='Total and digestible IAA'!AP105/$K$2 -> 0.88201848 | L105: =MIN(C105:K105)*100 -> 51.053822 | M105: Isoleucine/Leucine
A106: Soybean, whole, extruded (Glycine max (L) Merr.), extruded full-fat soybean | B106: Legumes & oilseeds | C106: ='Total and digestible IAA'!AH106/$C$2 -> 0.57462687 | D106: ='Total and digestible IAA'!AI106/$D$2 -> 0.77408412 | E106: ='Total and digestible IAA'!AJ106/$E$2 -> 0.71890547 | F106: ='Total and digestible IAA'!AK106/$F$2 -> 0.66736629 | G106: ='Total and digestible IAA'!AL106/$G$2 -> 0.78412286 | H106: ='Total and digestible IAA'!AM106/$H$2 -> 0.72742349 | I106: ='Total and digestible IAA'!AN106/$I$2 -> 0.79501429 | J106: ='Total and digestible IAA'!AO106/$J$2 -> 0.73704206 | K106: ='Total and digestible IAA'!AP106/$K$2 -> 1.1466477 | L106: =MIN(C106:K106)*100 -> 57.462687 | M106: Tryptophan
A107: Soybean, whole, flaked (Glycine max (L) Merr.)/flaked or rolled full-fat soybean | B107: Legumes & oilseeds | C107: ='Total and digestible IAA'!AH107/$C$2 -> 0.55223881 | D107: ='Total and digestible IAA'!AI107/$D$2 -> 0.7187924 | E107: ='Total and digestible IAA'!AJ107/$E$2 -> 0.68507463 | F107: ='Total and digestible IAA'!AK107/$F$2 -> 0.63596082 | G107: ='Total and digestible IAA'!AL107/$G$2 -> 0.75708414 | H107: ='Total and digestible IAA'!AM107/$H$2 -> 0.68317503 | I107: ='Total and digestible IAA'!AN107/$I$2 -> 0.76278184 | J107: ='Total and digestible IAA'!AO107/$J$2 -> 0.70194482 | K107: ='Total and digestible IAA'!AP107/$K$2 -> 1.1075575 | L107: =MIN(C107:K107)*100 -> 55.223881 | M107: Tryptophan
A108: Soybean, whole, toasted (Glycine max (L) Merr.)/toasted full-fat soybean | B108: Legumes & oilseeds | C108: ='Total and digestible IAA'!AH108/$C$2 -> 0.62842167 | D108: ='Total and digestible IAA'!AI108/$D$2 -> 0.68772502 | E108: ='Total and digestible IAA'!AJ108/$E$2 -> 0.62610261 | F108: ='Total and digestible IAA'!AK108/$F$2 -> 0.59766914 | G108: ='Total and digestible IAA'!AL108/$G$2 -> 0.71132874 | H108: ='Total and digestible IAA'!AM108/$H$2 -> 0.67686769 | I108: ='Total and digestible IAA'!AN108/$I$2 -> 0.70734148 | J108: ='Total and digestible IAA'!AO108/$J$2 -> 0.64941494 | K108: ='Total and digestible IAA'!AP108/$K$2 -> 1.0502122 | L108: =MIN(C108:K108)*100 -> 59.766914 | M108: Leucine
A109: Soybean, whole, toasted, flaked and expanded (Glycine max (L) Merr.) | B109: Legumes & oilseeds | C109: ='Total and digestible IAA'!AH109/$C$2 -> 0.60903149 | D109: ='Total and digestible IAA'!AI109/$D$2 -> 0.68376951 | E109: ='Total and digestible IAA'!AJ109/$E$2 -> 0.62006428 | F109: ='Total and digestible IAA'!AK109/$F$2 -> 0.57415299 | G109: ='Total and digestible IAA'!AL109/$G$2 -> 0.70223979 | H109: ='Total and digestible IAA'!AM109/$H$2 -> 0.66437098 | I109: ='Total and digestible IAA'!AN109/$I$2 -> 0.6930475 | J109: ='Total and digestible IAA'!AO109/$J$2 -> 0.63140496 | K109: ='Total and digestible IAA'!AP109/$K$2 -> 1.025974 | L109: =MIN(C109:K109)*100 -> 57.415299 | M109: Leucine
A110: Soybean protein concentrate, protein 50-60% | B110: Legumes & oilseeds | C110: ='Total and digestible IAA'!AH110/$C$2 -> 0.7788316 | D110: ='Total and digestible IAA'!AI110/$D$2 -> 0.78543583 | E110: ='Total and digestible IAA'!AJ110/$E$2 -> 0.78512397 | F110: ='Total and digestible IAA'!AK110/$F$2 -> 0.75873714 | G110: ='Total and digestible IAA'!AL110/$G$2 -> 0.83921247 | H110: ='Total and digestible IAA'!AM110/$H$2 -> 0.85456625 | I110: ='Total and digestible IAA'!AN110/$I$2 -> 0.86874567 | J110: ='Total and digestible IAA'!AO110/$J$2 -> 0.81500078 | K110: ='Total and digestible IAA'!AP110/$K$2 -> 1.2280487 | L110: =MIN(C110:K110)*100 -> 75.873714 | M110: Leucine
A111: Soybean protein concentrate, protein 60-70% | B111: Legumes & oilseeds | C111: ='Total and digestible IAA'!AH111/$C$2 -> 0.78674352 | D111: ='Total and digestible IAA'!AI111/$D$2 -> 0.72082133 | E111: ='Total and digestible IAA'!AJ111/$E$2 -> 0.74383023 | F111: ='Total and digestible IAA'!AK111/$F$2 -> 0.73877281 | G111: ='Total and digestible IAA'!AL111/$G$2 -> 0.84801403 | H111: ='Total and digestible IAA'!AM111/$H$2 -> 0.81180683 | I111: ='Total and digestible IAA'!AN111/$I$2 -> 0.84229566 | J111: ='Total and digestible IAA'!AO111/$J$2 -> 0.78988735 | K111: ='Total and digestible IAA'!AP111/$K$2 -> 1.1928777 | L111: =MIN(C111:K111)*100 -> 72.082133 | M111: Threonine
A112: Soybean protein concentrate, protein 70-90%/soy isolate | B112: Legumes & oilseeds | C112: ='Total and digestible IAA'!AH112/$C$2 -> 0.81816281 | D112: ='Total and digestible IAA'!AI112/$D$2 -> 0.70282206 | E112: ='Total and digestible IAA'!AJ112/$E$2 -> 0.73709608 | F112: ='Total and digestible IAA'!AK112/$F$2 -> 0.74373025 | G112: ='Total and digestible IAA'!AL112/$G$2 -> 0.84902809 | H112: ='Total and digestible IAA'!AM112/$H$2 -> 0.8180382 | I112: ='Total and digestible IAA'!AN112/$I$2 -> 0.84234143 | J112: ='Total and digestible IAA'!AO112/$J$2 -> 0.79103835 | K112: ='Total and digestible IAA'!AP112/$K$2 -> 1.1791921 | L112: =MIN(C112:K112)*100 -> 70.282206 | M112: Threonine
A113: Soya milk (21,83 g/100 g protein) | B113: Legumes & oilseeds | C113: ='Total and digestible IAA'!AH113/$C$2 -> 1.5328609 | D113: ='Total and digestible IAA'!AI113/$D$2 -> 0.77345604 | E113: ='Total and digestible IAA'!AJ113/$E$2 -> 0.79404489 | F113: ='Total and digestible IAA'!AK113/$F$2 -> 0.71206959 | G113: ='Total and digestible IAA'!AL113/$G$2 -> 0.74920167 | H113: ='Total and digestible IAA'!AM113/$H$2 -> 0.88558975 | I113: ='Total and digestible IAA'!AN113/$I$2 -> 0.78032378 | J113: ='Total and digestible IAA'!AO113/$J$2 -> 0.78304252 | K113: ='Total and digestible IAA'!AP113/$K$2 -> 1.2268394 | L113: =MIN(C113:K113)*100 -> 71.206959 | M113: Leucine
... A158: Fish meal, protein 70% | B158: Fish & fish products | C158: ='Total and digestible IAA'!AH158/$C$2 -> 0.55709343 | D158: ='Total and digestible IAA'!AI158/$D$2 -> 0.88539135 | E158: ='Total and digestible IAA'!AJ158/$E$2 -> 0.71973748 | F158: ='Total and digestible IAA'!AK158/$F$2 -> 0.71043616 | G158: ='Total and digestible IAA'!AL158/$G$2 -> 1.0381307 | H158: ='Total and digestible IAA'!AM158/$H$2 -> 1.020013 | I158: ='Total and digestible IAA'!AN158/$I$2 -> 0.69043691 | J158: ='Total and digestible IAA'!AO158/$J$2 -> 0.8409334 | K158: ='Total and digestible IAA'!AP158/$K$2 -> 1.0425261 | L158: =MIN(C158:K158)*100 -> 55.709343 | M158: Tryptophan
A159: Fish (Chinese) | B159: Fish & fish products
A160: Fish soluble, hydrolysed, (FS Peptide, France), 89% protein | B160: Fish & fish products | D160: ='Total and digestible IAA'!AI160/$D$2 -> 0.42853636 | E160: ='Total and digestible IAA'!AJ160/$E$2 -> 0.20419636 | F160: ='Total and digestible IAA'!AK160/$F$2 -> 0.24076042 | G160: ='Total and digestible IAA'!AL160/$G$2 -> 0.71826087 | H160: ='Total and digestible IAA'!AM160/$H$2 -> 0.37801212 | I160: ='Total and digestible IAA'!AN160/$I$2 -> 0.15147234 | J160: ='Total and digestible IAA'!AO160/$J$2 -> 0.24054545 | K160: ='Total and digestible IAA'!AP160/$K$2 -> 0.56891429 | L160: =MIN(C160:K160)*100 -> 15.147234 | M160: AAA | N160: Values for TRP not reported
A161: Shrimp meal | B161: Fish & fish products | C161: ='Total and digestible IAA'!AH161/$C$2 -> 0.43227822 | D161: ='Total and digestible IAA'!AI161/$D$2 -> 0.60922738 | E161: ='Total and digestible IAA'!AJ161/$E$2 -> 0.54070964 | F161: ='Total and digestible IAA'!AK161/$F$2 -> 0.50858834 | G161: ='Total and digestible IAA'!AL161/$G$2 -> 0.53753724 | H161: ='Total and digestible IAA'!AM161/$H$2 -> 0.74469872 | I161: ='Total and digestible IAA'!AN161/$I$2 -> 0.78585819 | J161: ='Total and digestible IAA'!AO161/$J$2 -> 0.64988453 | K161: ='Total and digestible IAA'!AP161/$K$2 -> 0.79060816 | L161: =MIN(C161:K161)*100 -> 43.227822 | M161: Tryptophan
A163: Beef, Boiled (86,3 g/100 g dm protein), topside steak | B163: Animal products | D163: ='Total and digestible IAA'!AI163/$D$2 -> 0.99506478 | E163: ='Total and digestible IAA'!AJ163/$E$2 -> 0.73296113 | F163: ='Total and digestible IAA'!AK163/$F$2 -> 0.76469438 | G163: ='Total and digestible IAA'!AL163/$G$2 -> 1.0091692 | I163: ='Total and digestible IAA'!AN163/$I$2 -> 0.6832265 | J163: ='Total and digestible IAA'!AO163/$J$2 -> 0.77562625 | K163: ='Total and digestible IAA'!AP163/$K$2 -> 1.5278927 | L163: =MIN(C163:K163)*100 -> 68.32265 | M163: AAA | N163: Values for TRP and CYS not reported
A164: Beef, raw (81,2 g/100 g dm protein), topside steak | B164: Animal products | D164: ='Total and digestible IAA'!AI164/$D$2 -> 0.9377519 | E164: ='Total and digestible IAA'!AJ164/$E$2 -> 0.68571429 | F164: ='Total and digestible IAA'!AK164/$F$2 -> 0.73506773 | G164: ='Total and digestible IAA'!AL164/$G$2 -> 1.0354466 | I164: ='Total and digestible IAA'!AN164/$I$2 -> 0.6666754 | J164: ='Total and digestible IAA'!AO164/$J$2 -> 0.73949843 | K164: ='Total and digestible IAA'!AP164/$K$2 -> 1.7122332 | L164: =MIN(C164:K164)*100 -> 66.66754 | M164: AAA | N164: Values for TRP and CYS not reported
A165: Beef, grilled (88,4 g/100 g dm protein), topside steak | B165: Animal products | D165: ='Total and digestible IAA'!AI165/$D$2 -> 0.84641094 | E165: ='Total and digestible IAA'!AJ165/$E$2 -> 0.64298643 | F165: ='Total and digestible IAA'!AK165/$F$2 -> 0.66400358 | G165: ='Total and digestible IAA'!AL165/$G$2 -> 0.92061775 | I165: ='Total and digestible IAA'!AN165/$I$2 -> 0.60265235 | J165: ='Total and digestible IAA'!AO165/$J$2 -> 0.62445496 | K165: ='Total and digestible IAA'!AP165/$K$2 -> 1.5467572 | L165: =MIN(C165:K165)*100 -> 60.265235 | M165: AAA | N165: Values for TRP and CYS not reported
A166: Beef, pan fried (83,8 g/100 g dm protein), topside steak | B166: Animal products | D166: ='Total and digestible IAA'!AI166/$D$2 -> 1.0101974 | E166: ='Total and digestible IAA'!AJ166/$E$2 -> 0.71789976 | F166: ='Total and digestible IAA'!AK166/$F$2 -> 0.74944063 | G166: ='Total and digestible IAA'!AL166/$G$2 -> 0.92627374 | I166: ='Total and digestible IAA'!AN166/$I$2 -> 0.66484284 | J166: ='Total and digestible IAA'!AO166/$J$2 -> 0.77396398 | K166: ='Total and digestible IAA'!AP166/$K$2 -> 1.7220707 | L166: =MIN(C166:K166)*100 -> 66.484284 | M166: AAA | N166: Values for TRP and CYS not reported
A167: Beef, roasted (84,6 g/100 g dm protein), topside steak | B167: Animal products | D167: ='Total and digestible IAA'!AI167/$D$2 -> 0.85751128 | E167: ='Total and digestible IAA'!AJ167/$E$2 -> 0.66170213 | F167: ='Total and digestible IAA'!AK167/$F$2 -> 0.67531028 | G167: ='Total and digestible IAA'!AL167/$G$2 -> 0.91921061 | I167: ='Total and digestible IAA'!AN167/$I$2 -> 0.61616619 | J167: ='Total and digestible IAA'!AO167/$J$2 -> 0.70135397 | K167: ='Total and digestible IAA'!AP167/$K$2 -> 1.6161207 | L167: =MIN(C167:K167)*100 -> 61.616619 | M167: AAA | N167: Values for TRP and CYS not reported
A168: Black soldier fly larvae, fat < 20%, dried | B168: Animal products | C168: ='Total and digestible IAA'!AH168/$C$2 -> 0.64820204 | D168: ='Total and digestible IAA'!AI168/$D$2 -> 0.75457758 | E168: ='Total and digestible IAA'!AJ168/$E$2 -> 0.70831995 | F168: ='Total and digestible IAA'!AK168/$F$2 -> 0.65483289 | G168: ='Total and digestible IAA'!AL168/$G$2 -> 0.71101552 | H168: ='Total and digestible IAA'!AM168/$H$2 -> 0.57763144 | I168: ='Total and digestible IAA'!AN168/$I$2 -> 0.93143373 | J168: ='Total and digestible IAA'!AO168/$J$2 -> 0.96678445 | K168: ='Total and digestible IAA'!AP168/$K$2 -> 1.8869258 | L168: =MIN(C168:K168)*100 -> 57.763144 | M168: SAA
A169: Black soldier fly larvae, fat > 20%, dried | B169: Animal products | C169: ='Total and digestible IAA'!AH169/$C$2 -> 0.67554029 | D169: ='Total and digestible IAA'!AI169/$D$2 -> 0.76493033 | E169: ='Total and digestible IAA'!AJ169/$E$2 -> 0.66197744 | F169: ='Total and digestible IAA'!AK169/$F$2 -> 0.63283151 | G169: ='Total and digestible IAA'!AL169/$G$2 -> 0.73013858 | H169: ='Total and digestible IAA'!AM169/$H$2 -> 0.65590209 | I169: ='Total and digestible IAA'!AN169/$I$2 -> 0.91724906 | J169: ='Total and digestible IAA'!AO169/$J$2 -> 0.90325149 | K169: ='Total and digestible IAA'!AP169/$K$2 -> 1.2012513 | L169: =MIN(C169:K169)*100 -> 63.283151 | M169: Leucine
A170: Black soldier fly, prepupae, Chinese, 43,1% crude protein | B170: Animal products | D170: ='Total and digestible IAA'!AI170/$D$2 -> 0.67327568 | E170: ='Total and digestible IAA'!AJ170/$E$2 -> 0.69964143 | F170: ='Total and digestible IAA'!AK170/$F$2 -> 0.5638051 | G170: ='Total and digestible IAA'!AL170/$G$2 -> 0.66277952 | H170: ='Total and digestible IAA'!AM170/$H$2 -> 0.60423961 | I170: ='Total and digestible IAA'!AN170/$I$2 -> 0.83604927 | J170: ='Total and digestible IAA'!AO170/$J$2 -> 0.8395444 | K170: ='Total and digestible IAA'!AP170/$K$2 -> 1.0830626 | L170: =MIN(C170:K170)*100 -> 56.38051 | M170: Leucine | N170: Values for TRP not reported
A171: bovine muscle hydrolysate (90 g/100 g dm protein) | B171: Animal products | C171: ='Total and digestible IAA'!AH171/$C$2 -> 0.31633987 | D171: ='Total and digestible IAA'!AI171/$D$2 -> 0.68888889 | E171: ='Total and digestible IAA'!AJ171/$E$2 -> 0.52727273 | F171: ='Total and digestible IAA'!AK171/$F$2 -> 0.58564815 | G171: ='Total and digestible IAA'!AL171/$G$2 -> 0.99645733 | H171: ='Total and digestible IAA'!AM171/$H$2 -> 0.65286195 | I171: ='Total and digestible IAA'!AN171/$I$2 -> 0.27186761 | J171: ='Total and digestible IAA'!AO171/$J$2 -> 0.64727273 | K171: ='Total and digestible IAA'!AP171/$K$2 -> 1.362963 | L171: =MIN(C171:K171)*100 -> 27.186761 | M171: AAA
A172: bovine collagen hydrolysate (112 g/100 g dm protein, measured as Nitrogen *6,25 so can be slightly above 100) | B172: Animal products | C172: ='Total and digestible IAA'!AH172/$C$2 -> 0.0097411765 | D172: ='Total and digestible IAA'!AI172/$D$2 -> 0.30659091 | E172: ='Total and digestible IAA'!AJ172/$E$2 -> 0.27509091 | F172: ='Total and digestible IAA'!AK172/$F$2 -> 0.2715625 | G172: ='Total and digestible IAA'!AL172/$G$2 -> 0.49855072 | H172: ='Total and digestible IAA'!AM172/$H$2 -> 0.21818182 | I172: ='Total and digestible IAA'!AN172/$I$2 -> 0.22755319 | J172: ='Total and digestible IAA'!AO172/$J$2 -> 0.37818182 | K172: ='Total and digestible IAA'!AP172/$K$2 -> 0.27809524 | L172: =MIN(C172:K172)*100 -> 0.97411765 | M172: Tryptophan
A173: Chicken, cooked | B173: Animal products
A174: Egg, whole, boiled | B174: Animal products
A175: Egg white protein | B175: Animal products
A176: House fly, prepupae, Chinese, 52,9% crude protein | B176: Animal products | D176: ='Total and digestible IAA'!AI176/$D$2 -> 0.91599931 | E176: ='Total and digestible IAA'!AJ176/$E$2 -> 0.79063757 | F176: ='Total and digestible IAA'!AK176/$F$2 -> 0.63810255 | G176: ='Total and digestible IAA'!AL176/$G$2 -> 0.96324484 | H176: ='Total and digestible IAA'!AM176/$H$2 -> 1.0093487 | I176: ='Total and digestible IAA'!AN176/$I$2 -> 1.2890641 | J176: ='Total and digestible IAA'!AO176/$J$2 -> 0.84760268 | K176: ='Total and digestible IAA'!AP176/$K$2 -> 1.2985507 | L176: =MIN(C176:K176)*100 -> 63.810255 | M176: Leucine | N176: Values for TRP not reported
A177: Mealworm larvae, dried | B177: Animal products | C177: ='Total and digestible IAA'!AH177/$C$2 -> 0.84278711 | D177: ='Total and digestible IAA'!AI177/$D$2 -> 1.0551948 | E177: ='Total and digestible IAA'!AJ177/$E$2 -> 0.97402597 | F177: ='Total and digestible IAA'!AK177/$F$2 -> 1.0323661 | G177: ='Total and digestible IAA'!AL177/$G$2 -> 0.83850932 | H177: ='Total and digestible IAA'!AM177/$H$2 -> 2.4404762 | I177: ='Total and digestible IAA'!AN177/$I$2 -> 1.0182371 | J177: ='Total and digestible IAA'!AO177/$J$2 -> 1.4350649 | K177: ='Total and digestible IAA'!AP177/$K$2 -> 1.377551 | L177: =MIN(C177:K177)*100 -> 83.850932 | M177: Tryptophan
A178: Mealworm larvae meal, defatted (Korea), 68% crude protein | B178: Animal products | D178: ='Total and digestible IAA'!AI178/$D$2 -> 0.77527273 | E178: ='Total and digestible IAA'!AJ178/$E$2 -> 0.49786 | F178: ='Total and digestible IAA'!AK178/$F$2 -> 0.59653125 | G178: ='Total and digestible IAA'!AL178/$G$2 -> 0.70430435 | H178: ='Total and digestible IAA'!AM178/$H$2 -> 0.73834091 | I178: ='Total and digestible IAA'!AN178/$I$2 -> 0.60505851 | J178: ='Total and digestible IAA'!AO178/$J$2 -> 0.70048727 | K178: ='Total and digestible IAA'!AP178/$K$2 -> 0.57329524 | L178: =MIN(C178:K178)*100 -> 49.786 | M178: Isoleucine | N178: Values for TRP not reported
A179: Mealworm larvae hydrolysate, defatted (Tenebrior molitor), 58,9% crude protein | B179: Animal products | D179: ='Total and digestible IAA'!AI179/$D$2 -> 0.60755 | E179: ='Total and digestible IAA'!AJ179/$E$2 -> 0.26803636 | F179: ='Total and digestible IAA'!AK179/$F$2 -> 0.32241354 | G179: ='Total and digestible IAA'!AL179/$G$2 -> 1.256713 | H179: ='Total and digestible IAA'!AM179/$H$2 -> 0.95480606 | I179: ='Total and digestible IAA'!AN179/$I$2 -> 0.28025745 | J179: ='Total and digestible IAA'!AO179/$J$2 -> 0.45080364 | K179: ='Total and digestible IAA'!AP179/$K$2 -> 0.36186667 | L179: =MIN(C179:K179)*100 -> 26.803636 | M179: Isoleucine | N179: Values for TRP not reported
A180: Poultry by-product, fermented, Korea, 71.5% protein | B180: Animal products | D180: ='Total and digestible IAA'!AI180/$D$2 -> 0.65863636 | E180: ='Total and digestible IAA'!AJ180/$E$2 -> 0.44561455 | F180: ='Total and digestible IAA'!AK180/$F$2 -> 0.52462813 | G180: ='Total and digestible IAA'!AL180/$G$2 -> 0.37394783 | H180: ='Total and digestible IAA'!AM180/$H$2 -> 0.66079455 | I180: ='Total and digestible IAA'!AN180/$I$2 -> 0.55824681 | J180: ='Total and digestible IAA'!AO180/$J$2 -> 0.58491455 | K180: ='Total and digestible IAA'!AP180/$K$2 -> 1.1381095 | L180: =MIN(C180:K180)*100 -> 37.394783 | M180: Lysine | N180: Values for TRP not reported
A181: Processed animal proteins, pig | B181: Animal products | C181: ='Total and digestible IAA'!AH181/$C$2 -> 0.29892175 | D181: ='Total and digestible IAA'!AI181/$D$2 -> 0.62233955 | E181: ='Total and digestible IAA'!AJ181/$E$2 -> 0.44626299 | F181: ='Total and digestible IAA'!AK181/$F$2 -> 0.53671355 | G181: ='Total and digestible IAA'!AL181/$G$2 -> 0.61642863 | H181: ='Total and digestible IAA'!AM181/$H$2 -> 0.56057856 | I181: ='Total and digestible IAA'!AN181/$I$2 -> 0.50648724 | J181: ='Total and digestible IAA'!AO181/$J$2 -> 0.67375021 | K181: ='Total and digestible IAA'!AP181/$K$2 -> 0.75101547 | L181: =MIN(C181:K181)*100 -> 29.892175 | M181: Tryptophan
A182: Processed animal proteins, poultry, protein 45-60% | B182: Animal products | C182: ='Total and digestible IAA'!AH182/$C$2 -> 0.37851662 | D182: ='Total and digestible IAA'!AI182/$D$2 -> 0.7 | E182: ='Total and digestible IAA'!AJ182/$E$2 -> 0.59165217 | F182: ='Total and digestible IAA'!AK182/$F$2 -> 0.58115942 | G182: ='Total and digestible IAA'!AL182/$G$2 -> 0.52567108 | H182: ='Total and digestible IAA'!AM182/$H$2 -> 0.89486166 | I182: ='Total and digestible IAA'!AN182/$I$2 -> 0.54542091 | J182: ='Total and digestible IAA'!AO182/$J$2 -> 0.74940711 | K182: ='Total and digestible IAA'!AP182/$K$2 -> 0.63975155 | L182: =MIN(C182:K182)*100 -> 37.851662 | M182: Tryptophan
A183: Processed animal proteins, poultry, protein 60-70% | B183: Animal products | C183: ='Total and digestible IAA'!AH183/$C$2 -> 0.29281046 | D183: ='Total and digestible IAA'!AI183/$D$2 -> 0.70259259 | E183: ='Total and digestible IAA'!AJ183/$E$2 -> 0.60140067 | F183: ='Total and digestible IAA'!AK183/$F$2 -> 0.60487654 | G183: ='Total and digestible IAA'!AL183/$G$2 -> 0.56167472 | H183: ='Total and digestible IAA'!AM183/$H$2 -> 0.704422 | I183: ='Total and digestible IAA'!AN183/$I$2 -> 0.59096927 | J183: ='Total and digestible IAA'!AO183/$J$2 -> 0.75205387 | K183: ='Total and digestible IAA'!AP183/$K$2 -> 0.60444444 | L183: =MIN(C183:K183)*100 -> 29.281046 | M183: Tryptophan
A184: Processed animal proteins, poultry, protein > 70% | B184: Animal products | C184: ='Total and digestible IAA'!AH184/$C$2 -> 0.29554888 | D184: ='Total and digestible IAA'!AI184/$D$2 -> 0.70894161 | E184: ='Total and digestible IAA'!AJ184/$E$2 -> 0.59666003 | F184: ='Total and digestible IAA'!AK184/$F$2 -> 0.61412713 | G184: ='Total and digestible IAA'!AL184/$G$2 -> 0.59381501 | H184: ='Total and digestible IAA'!AM184/$H$2 -> 0.92472167 | I184: ='Total and digestible IAA'!AN184/$I$2 -> 0.60815603 | J184: ='Total and digestible IAA'!AO184/$J$2 -> 0.70603849 | K184: ='Total and digestible IAA'!AP184/$K$2 -> 0.63422547 | L184: =MIN(C184:K184)*100 -> 29.554888 | M184: Tryptophan
A185: Porcine plasma hydrolysate (66 g/100 g dm protein) | B185: Animal products | C185: ='Total and digestible IAA'!AH185/$C$2 -> 0.85071301 | D185: ='Total and digestible IAA'!AI185/$D$2 -> 0.76859504 | E185: ='Total and digestible IAA'!AJ185/$E$2 -> 0.60165289 | F185: ='Total and digestible IAA'!AK185/$F$2 -> 0.79150884 | G185: ='Total and digestible IAA'!AL185/$G$2 -> 1.1385595 | H185: ='Total and digestible IAA'!AM185/$H$2 -> 0.70890725 | I185: ='Total and digestible IAA'!AN185/$I$2 -> 0.53900709 | J185: ='Total and digestible IAA'!AO185/$J$2 -> 1.0746556 | K185: ='Total and digestible IAA'!AP185/$K$2 -> 1.3015873 | L185: =MIN(C185:K185)*100 -> 53.900709 | M185: AAA
A186: Porcine heart hydrolysate (78 g/100 g dm protein) | B186: Animal products | C186: ='Total and digestible IAA'!AH186/$C$2 -> 0.3800905 | D186: ='Total and digestible IAA'!AI186/$D$2 -> 0.60460373 | E186: ='Total and digestible IAA'!AJ186/$E$2 -> 0.47715618 | F186: ='Total and digestible IAA'!AK186/$F$2 -> 0.63888889 | G186: ='Total and digestible IAA'!AL186/$G$2 -> 0.959123 | H186: ='Total and digestible IAA'!AM186/$H$2 -> 0.66355866 | I186: ='Total and digestible IAA'!AN186/$I$2 -> 0.28546099 | J186: ='Total and digestible IAA'!AO186/$J$2 -> 0.71794872 | K186: ='Total and digestible IAA'!AP186/$K$2 -> 0.73504274 | L186: =MIN(C186:K186)*100 -> 28.546099 | M186: AAA
A187: Porcine muscle hydrolysate (91 g/100 g dm protein) | B187: Animal products | C187: ='Total and digestible IAA'!AH187/$C$2 -> 0.21047188 | D187: ='Total and digestible IAA'!AI187/$D$2 -> 0.56818182 | E187: ='Total and digestible IAA'!AJ187/$E$2 -> 0.43156843 | F187: ='Total and digestible IAA'!AK187/$F$2 -> 0.51098901 | G187: ='Total and digestible IAA'!AL187/$G$2 -> 0.90348782 | H187: ='Total and digestible IAA'!AM187/$H$2 -> 0.59107559 | I187: ='Total and digestible IAA'!AN187/$I$2 -> 0.23661445 | J187: ='Total and digestible IAA'!AO187/$J$2 -> 0.57542458 | K187: ='Total and digestible IAA'!AP187/$K$2 -> 1.1166928 | L187: =MIN(C187:K187)*100 -> 21.047188 | M187: Tryptophan
A189: Casein | B189: Milk products | C189: ='Total and digestible IAA'!AH189/$C$2 -> 0.73940907 | D189: ='Total and digestible IAA'!AI189/$D$2 -> 0.89918682 | E189: ='Total and digestible IAA'!AJ189/$E$2 -> 0.90675563 | F189: ='Total and digestible IAA'!AK189/$F$2 -> 0.98028956 | G189: ='Total and digestible IAA'!AL189/$G$2 -> 1.1252825 | H189: ='Total and digestible IAA'!AM189/$H$2 -> 0.99263275 | I189: ='Total and digestible IAA'!AN189/$I$2 -> 1.1250488 | J189: ='Total and digestible IAA'!AO189/$J$2 -> 1.1567973 | K189: ='Total and digestible IAA'!AP189/$K$2 -> 1.4302097 | L189: =MIN(C189:K189)*100 -> 73.940907 | M189: Tryptophan
A190: Infant formula (cow based) | B190: Milk products
A191: Cheese whey (CP<17,5%) | B191: Milk products | C191: ='Total and digestible IAA'!AH191/$C$2 -> 0.69176471 | D191: ='Total and digestible IAA'!AI191/$D$2 -> 1.12 | E191: ='Total and digestible IAA'!AJ191/$E$2 -> 0.85418182 | F191: ='Total and digestible IAA'!AK191/$F$2 -> 0.80666667 | G191: ='Total and digestible IAA'!AL191/$G$2 -> 0.83478261 | H191: ='Total and digestible IAA'!AM191/$H$2 -> 0.95292929 | I191: ='Total and digestible IAA'!AN191/$I$2 -> 0.49489362 | J191: ='Total and digestible IAA'!AO191/$J$2 -> 0.82133333 | K191: ='Total and digestible IAA'!AP191/$K$2 -> 0.68571429 | L191: =MIN(C191:K191)*100 -> 49.489362 | M191: AAA
A192: Cheese whey (CP 17,5-27,5%) | B192: Milk products | C192: ='Total and digestible IAA'!AH192/$C$2 -> 0.6937799 | D192: ='Total and digestible IAA'!AI192/$D$2 -> 1.1196172 | E192: ='Total and digestible IAA'!AJ192/$E$2 -> 0.86507177 | F192: ='Total and digestible IAA'!AK192/$F$2 -> 0.80701754 | G192: ='Total and digestible IAA'!AL192/$G$2 -> 0.83628042 | H192: ='Total and digestible IAA'!AM192/$H$2 -> 0.95461795 | I192: ='Total and digestible IAA'!AN192/$I$2 -> 0.48778377 | J192: ='Total and digestible IAA'!AO192/$J$2 -> 0.81913876 | K192: ='Total and digestible IAA'!AP192/$K$2 -> 0.66917293 | L192: =MIN(C192:K192)*100 -> 48.778377 | M192: AAA
...

Sheet DIAAS (6 months to 3 yrs)
A1: Food item name | B1: Food group | C1: TRP | D1: THR | E1: ILE | F1: LEU | G1: LYS | H1: SAA | I1: AAA | J1: VAL | K1: HIS | L1: Final DIAAS Score | M1: 1st Limiting AA | N1: Additional information
B2: (reference pattern) | C2: 8.5 | D2: 31 | E2: 32 | F2: 66 | G2: 57 | H2: 27 | I2: 52 | J2: 43 | K2: 20
A3: Barley (not hulless varieties) | B3: Cereal & cereal products | C3: ='Total and digestible IAA'!AH3/$C$2 -> 1.1514836 | D3: ='Total and digestible IAA'!AI3/$D$2 -> 0.83499857 | E3: ='Total and digestible IAA'!AJ3/$E$2 -> 0.91841814 | F3: ='Total and digestible IAA'!AK3/$F$2 -> 0.85693215 | G3: ='Total and digestible IAA'!AL3/$G$2 -> 0.50069865 | H3: ='Total and digestible IAA'!AM3/$H$2 -> 1.2327106 | I3: ='Total and digestible IAA'!AN3/$I$2 -> 1.2382573 | J3: ='Total and digestible IAA'!AO3/$J$2 -> 0.9384647 | K3: ='Total and digestible IAA'!AP3/$K$2 -> 0.93185841 | L3: =MIN(C3:K3)*100 -> 50.069865 | M3: Lysine
A4: Barley, dehulled (11,8% protein) | B4: Cereal & cereal products | C4: ='Total and digestible IAA'!AH4/$C$2 -> 0.83748754 | D4: ='Total and digestible IAA'!AI4/$D$2 -> 0.66921815 | E4: ='Total and digestible IAA'!AJ4/$E$2 -> 0.78495763 | F4: ='Total and digestible IAA'!AK4/$F$2 -> 0.7404982 | G4: ='Total and digestible IAA'!AL4/$G$2 -> 0.42908118 | H4: ='Total and digestible IAA'!AM4/$H$2 -> 0.99372254 | I4: ='Total and digestible IAA'!AN4/$I$2 -> 1.0738266 | J4: ='Total and digestible IAA'!AO4/$J$2 -> 0.80429641 | K4: ='Total and digestible IAA'!AP4/$K$2 -> 0.85805085 | L4: =MIN(C4:K4)*100 -> 42.908118 | M4: Lysine
A5: Biscuits (CP>12%) | B5: Cereal & cereal products | C5: ='Total and digestible IAA'!AH5/$C$2 -> 0.99927378 | D5: ='Total and digestible IAA'!AI5/$D$2 -> 0.97849462 | E5: ='Total and digestible IAA'!AJ5/$E$2 -> 1.029321 | F5: ='Total and digestible IAA'!AK5/$F$2 -> 0.91919192 | G5: ='Total and digestible IAA'!AL5/$G$2 -> 0.38553173 | H5: ='Total and digestible IAA'!AM5/$H$2 -> 1.170096 | I5: ='Total and digestible IAA'!AN5/$I$2 -> 1.2863248 | J5: ='Total and digestible IAA'!AO5/$J$2 -> 0.95607235 | K5: ='Total and digestible IAA'!AP5/$K$2 -> 1.0907407 | L5: =MIN(C5:K5)*100 -> 38.553173 | M5: Lysine
A6: Bread | B6: Cereal & cereal products | C6: ='Total and digestible IAA'!AH6/$C$2 -> 1.0500729 | D6: ='Total and digestible IAA'!AI6/$D$2 -> 0.97040789 | E6: ='Total and digestible IAA'!AJ6/$E$2 -> 1.0454545 | F6: ='Total and digestible IAA'!AK6/$F$2 -> 0.93163035 | G6: ='Total and digestible IAA'!AL6/$G$2 -> 0.40017399 | H6: ='Total and digestible IAA'!AM6/$H$2 -> 1.204775 | I6: ='Total and digestible IAA'!AN6/$I$2 -> 1.2857597 | J6: ='Total and digestible IAA'!AO6/$J$2 -> 0.96194503 | K6: ='Total and digestible IAA'!AP6/$K$2 -> 1.1024793 | L6: =MIN(C6:K6)*100 -> 40.017399 | M6: Lysine
